State,District,Crop,Year,Dashboard_Risk_Score,Risk_Data_Quality,Drivers_Available,Top_Driver_1,Top_Driver_2,Top_Driver_3,Yield_Risk_Component,Rainfall_Risk_Component,Area_Risk_Component,Price_Risk_Component,Avg_Modal_Price,Crop_Year_Rainfall_mm,Area,Yield
Haryana,Ambala,Maize,2024-25,28.524402247358164,Good,3,Price volatility,Rainfall anomaly,,0.0,26.06507265962177,,100.0,2215.3608333333336,1447.69,0.0,3714.0
Haryana,Ambala,Rice,2024-25,32.72884917398416,Good,3,Area trend,Rainfall anomaly,,0.0,26.06507265962177,100.0,,2320.0,1447.69,0.84,4233.0
Haryana,Ambala,Wheat,2024-25,17.73684666824893,Good,3,Rainfall anomaly,Yield trend,,20.733708200357313,26.06507265962177,0.0,,2425.0025,1447.69,0.89,4640.0
Haryana,Bhiwani,Maize,2024-25,65.95266967073505,Limited,2,Rainfall anomaly,Yield trend,,36.769243674222224,100.0,,,2309.84,803.1,0.0,3714.0
Haryana,Bhiwani,Rice,2024-25,35.294117647058826,Good,3,Rainfall anomaly,,,0.0,100.0,0.0,,,803.1,0.32,3805.0
Haryana,Bhiwani,Wheat,2024-25,35.294117647058826,Good,3,Rainfall anomaly,,,0.0,100.0,0.0,,2425.0,803.1,1.0,4735.0
Haryana,Charkhi Dadri,Rice,2024-25,35.294117647058826,Good,3,Rainfall anomaly,,,0.0,100.0,0.0,,,805.28,0.1,3175.0
Haryana,Charkhi Dadri,Wheat,2024-25,58.82352941176472,Good,3,Rainfall anomaly,Area trend,,0.0,100.0,100.0,,,805.28,0.43,4591.0
Haryana,Faridabad,Maize,2024-25,26.606018639207587,Limited,2,Rainfall anomaly,,,0.0,57.646373718283094,,,,916.61,0.0,3714.0
Haryana,Faridabad,Rice,2024-25,43.87519072409992,Good,3,Area trend,Rainfall anomaly,,0.0,57.646373718283094,100.0,,,916.61,0.15,2874.0
Haryana,Faridabad,Wheat,2024-25,20.345778959394035,Good,3,Rainfall anomaly,,,0.0,57.646373718283094,0.0,,2425.53,916.61,0.32,4135.0
Haryana,Fatehabad,Maize,2024-25,34.15142310485844,Limited,2,Rainfall anomaly,,,0.0,73.9947500605266,,,2005.335,689.23,0.0,3714.0
Haryana,Fatehabad,Rice,2024-25,36.8762673860825,Good,3,Rainfall anomaly,Area trend,,0.0,73.9947500605266,45.73201130006072,,2320.0,689.23,1.4,4272.0
Haryana,Fatehabad,Wheat,2024-25,34.59884293530728,Good,3,Rainfall anomaly,Yield trend,Area trend,13.901028937520419,73.9947500605266,11.726156743605314,,2425.0,689.23,1.83,5308.0
Haryana,Gurugram,Maize,2024-25,25.70360098407131,Limited,2,Rainfall anomaly,,,0.0,55.69113546548784,,,,891.21,0.0,3714.0
Haryana,Gurugram,Rice,2024-25,97.74394675543371,Good,3,Yield trend,Rainfall anomaly,Area trend,94.5210135489104,100.0,100.0,,3446.495,891.21,0.04,2978.0
Haryana,Gurugram,Wheat,2024-25,54.1657992746137,Good,3,Rainfall anomaly,Area trend,Yield trend,9.962982652865596,100.0,62.76942727459338,,2425.15,891.21,0.33,4039.0
Haryana,Hisar,Maize,2024-25,44.580871089184214,Limited,2,Rainfall anomaly,,,0.0,96.59188735989912,,,,722.5699999999999,0.0,2048.0
Haryana,Hisar,Rice,2024-25,43.97756620796974,Complete,4,Rainfall anomaly,Price volatility,,0.0,96.59188735989912,0.0,100.0,2911.925,722.5699999999999,1.11,3248.0
Haryana,Hisar,Wheat,2024-25,51.19793223189144,Good,3,Rainfall anomaly,Yield trend,,41.54478911182282,96.59188735989912,0.0,,2418.0,722.5699999999999,2.24,4883.0
Haryana,Jhajjar,Maize,2024-25,56.25000000000001,Good,3,Rainfall anomaly,Price volatility,,0.0,100.0,,100.0,2500.0,891.21,0.0,3714.0
Haryana,Jhajjar,Rice,2024-25,35.98296567021865,Good,3,Rainfall anomaly,Yield trend,,1.6729166276738514,100.0,0.0,,2320.0,891.21,0.58,3169.0
Haryana,Jhajjar,Wheat,2024-25,40.57996415439299,Good,3,Rainfall anomaly,Area trend,,0.0,100.0,22.46484765617021,,2425.0,891.21,0.98,4616.0
Haryana,Jind,Maize,2024-25,34.40196257811533,Limited,2,Yield trend,Rainfall anomaly,,46.649076882987366,20.11366255576462,,,2761.0,777.09,0.0,3714.0
Haryana,Jind,Rice,2024-25,46.83792036422545,Good,3,Rainfall anomaly,Area trend,,0.0,100.0,49.06116154795809,,2628.1966666666667,777.09,1.69,3310.0
Haryana,Jind,Wheat,2024-25,36.5370766029914,Good,3,Rainfall anomaly,Area trend,,0.0,100.0,5.2825755627134265,,2450.063333333333,777.09,2.03,4922.0
Haryana,Kaithal,Maize,2024-25,19.49899613634516,Limited,2,Rainfall anomaly,,,0.0,42.24782496208117,,,,892.31,0.0,3714.0
Haryana,Kaithal,Rice,2024-25,50.143540101319,Good,3,Area trend,Rainfall anomaly,Yield trend,10.830963277253382,62.77057313027484,100.0,,2689.324,892.31,1.62,4060.0
Haryana,Kaithal,Wheat,2024-25,30.52357689827808,Good,3,Rainfall anomaly,Area trend,,0.0,62.77057313027484,35.56934212226957,,2425.0,892.31,1.74,4865.0
Haryana,Karnal,Maize,2024-25,46.15384615384616,Limited,2,Rainfall anomaly,,,0.0,100.0,,,,1026.07,0.0,3714.0
Haryana,Karnal,Rice,2024-25,56.101662599962744,Good,3,Rainfall anomaly,Area trend,,0.0,100.0,88.43206604984162,,2321.4933333333333,1026.07,1.72,4292.0
Haryana,Karnal,Wheat,2024-25,68.37146336595147,Good,3,Rainfall anomaly,Yield trend,Area trend,54.10445370642065,100.0,45.89592531905759,,2425.0,1026.07,1.58,4896.0
Haryana,Kurukshetra,Maize,2024-25,32.701890328286744,Limited,2,Rainfall anomaly,,,0.0,70.85409571128794,,,1763.0099999999998,1273.31,0.0,3714.0
Haryana,Kurukshetra,Rice,2024-25,48.53673966280751,Good,3,Rainfall anomaly,Area trend,,0.0,70.85409571128794,100.0,,2411.0125000000003,1273.31,1.1,4732.0
Haryana,Kurukshetra,Wheat,2024-25,29.98586961738835,Good,3,Rainfall anomaly,Area trend,Yield trend,0.5858356722506367,70.85409571128794,20.133589880529946,,2425.0,1273.31,1.08,4571.0
Haryana,Mahendragarh,Maize,2024-25,,Insufficient,0,,,,,,,,,885.46,0.0,3714.0
Haryana,Mahendragarh,Rice,2024-25,,Very Limited,1,Rainfall anomaly,,,,100.0,,,,885.46,0.0,3766.0
Haryana,Mahendragarh,Wheat,2024-25,48.162392522754644,Complete,4,Rainfall anomaly,Area trend,Price volatility,0.0,100.0,71.13868424453902,26.231037825645544,2528.182727272728,885.46,0.29,4518.0
Haryana,Nuh,Rice,2024-25,53.5119797608959,Good,3,Rainfall anomaly,Area trend,,0.0,92.3350391187558,88.92335530567385,,,884.79,0.1,2510.0
Haryana,Nuh,Wheat,2024-25,36.22764471426872,Good,3,Rainfall anomaly,Area trend,,0.0,92.3350391187558,15.464931357508343,,2360.0,884.79,0.69,4271.0
Haryana,Palwal,Rice,2024-25,37.93129588511586,Good,3,Area trend,Rainfall anomaly,,0.0,40.805338341161566,100.0,,2376.9725,892.24,0.38,2820.0
Haryana,Palwal,Wheat,2024-25,16.963901560189292,Good,3,Rainfall anomaly,Area trend,,0.0,40.805338341161566,10.888574119062127,,2362.5,892.24,0.95,4439.0
Haryana,Panchkula,Maize,2024-25,9.199437409278271,Good,3,Rainfall anomaly,,,0.0,26.06507265962177,0.0,,2225.0,1447.69,0.03,3742.0
Haryana,Panchkula,Rice,2024-25,28.513107339922406,Good,3,Area trend,Rainfall anomaly,,0.0,26.06507265962177,82.08309720523755,,,1447.69,0.13,4052.0
Haryana,Panchkula,Wheat,2024-25,22.414053677613733,Good,3,Area trend,Rainfall anomaly,,0.0,26.06507265962177,56.1621191404257,,2425.0,1447.69,0.18,3710.0
Haryana,Panipat,Maize,2024-25,46.15384615384616,Limited,2,Rainfall anomaly,,,0.0,100.0,,,,1026.07,0.0,3714.0
Haryana,Panipat,Rice,2024-25,57.26341719316651,Good,3,Rainfall anomaly,Area trend,,0.0,100.0,93.36952307095765,,2977.383333333333,1026.07,0.71,3609.0
Haryana,Panipat,Wheat,2024-25,44.26117868628643,Good,3,Rainfall anomaly,Area trend,,0.0,100.0,38.11000941671727,,2425.0,1026.07,0.79,4851.0
Haryana,Rewari,Maize,2024-25,,Insufficient,0,,,,,,,,,884.79,0.0,3714.0
Haryana,Rewari,Rice,2024-25,32.58883733603147,Good,3,Rainfall anomaly,,,0.0,92.3350391187558,-0.0,,,884.79,0.03,2667.0
Haryana,Rewari,Wheat,2024-25,47.80566819047836,Good,3,Rainfall anomaly,Area trend,,0.0,92.3350391187558,64.67153113139929,,2573.7375,884.79,0.33,4395.0
Haryana,Rohtak,Maize,2024-25,,Insufficient,0,,,,,,,,,933.67,0.0,3714.0
Haryana,Rohtak,Rice,2024-25,38.47231649640532,Good,3,Rainfall anomaly,Area trend,,0.0,100.0,13.507345109722577,,2305.685,933.67,0.74,2899.0
Haryana,Rohtak,Wheat,2024-25,35.294117647058826,Good,3,Rainfall anomaly,,,0.0,100.0,-0.0,,2425.005,933.67,1.0,4476.0
Haryana,Sirsa,Maize,2024-25,21.690552717603737,Limited,2,Rainfall anomaly,,,0.0,46.99619755480809,,,,620.72,0.0,3714.0
Haryana,Sirsa,Rice,2024-25,32.87613453606394,Complete,4,Price volatility,Rainfall anomaly,Area trend,0.0,46.99619755480809,18.886376348107532,100.0,3153.56125,620.72,1.36,3676.0
Haryana,Sirsa,Wheat,2024-25,16.586893254638152,Good,3,Rainfall anomaly,,,0.0,46.99619755480809,-0.0,,2425.0075,620.72,2.81,5016.0
Haryana,Sonipat,Maize,2024-25,46.15384615384616,Limited,2,Rainfall anomaly,,,0.0,100.0,,,,933.67,0.0,3714.0
Haryana,Sonipat,Rice,2024-25,49.450148795843404,Good,3,Rainfall anomaly,Area trend,Yield trend,3.89092525653144,100.0,53.35401318340441,,2930.0,933.67,1.18,2965.0
Haryana,Sonipat,Wheat,2024-25,41.07123477712548,Good,3,Rainfall anomaly,Area trend,Yield trend,5.256614253857059,100.0,15.353672858533415,,2350.0,933.67,1.39,4458.0
Haryana,Yamunanagar,Maize,2024-25,75.82270532055114,Limited,2,Yield trend,Rainfall anomaly,,100.0,47.61586152786079,,,2150.0,1556.73,0.0,3714.0
Haryana,Yamunanagar,Rice,2024-25,40.335009951009695,Good,3,Area trend,Rainfall anomaly,,0.0,47.61586152786079,100.0,,2315.945,1556.73,0.77,4621.0
Haryana,Yamunanagar,Wheat,2024-25,30.786601246910713,Good,3,Rainfall anomaly,Yield trend,,33.95386457575962,47.61586152786079,0.0,,2425.0,1556.73,0.99,5002.0
Punjab,Amritsar,Maize,2024-25,42.948563092001386,Good,3,Yield trend,Rainfall anomaly,,100.0,5.020928760670572,-0.0,,2060.646666666667,1158.33,0.0,4600.0
Punjab,Amritsar,Rice,2024-25,21.278824223347442,Good,3,Yield trend,Rainfall anomaly,,47.37349131898329,5.020928760670572,-0.0,,2202.5,1158.33,1.82,3438.0
Punjab,Amritsar,Wheat,2024-25,1.7720925037660846,Good,3,Rainfall anomaly,,,0.0,5.020928760670572,-0.0,,2376.6766666666667,1158.33,1.86,5188.0
Punjab,Barnala,Maize,2024-25,,Insufficient,0,,,,,,,,2198.48,804.41,0.0,4200.0
Punjab,Barnala,Rice,2024-25,17.57602371369062,Good,3,Rainfall anomaly,,,0.0,49.79873385545675,-0.0,,2320.0,804.41,1.15,4909.0
Punjab,Barnala,Wheat,2024-25,17.57602371369062,Good,3,Rainfall anomaly,,,0.0,49.79873385545675,-0.0,,2476.6666666666665,804.41,1.14,5276.0
Punjab,Bathinda,Maize,2024-25,41.97239117948088,Limited,2,Yield trend,Rainfall anomaly,,69.82913860388447,9.472852517676685,,,2138.47,643.8100000000001,0.0,4200.0
Punjab,Bathinda,Rice,2024-25,3.4243613903448593,Good,3,Rainfall anomaly,Yield trend,,0.1967183614003553,9.472852517676685,0.0,,2320.0,643.8100000000001,2.17,4530.0
Punjab,Bathinda,Wheat,2024-25,3.3433597121211833,Good,3,Rainfall anomaly,,,0.0,9.472852517676685,-0.0,,2425.0,643.8100000000001,2.55,5350.0
Punjab,Faridkot,Rice,2024-25,12.843452356368795,Good,3,Rainfall anomaly,,,0.0,36.38978167637825,0.0,,2320.0,708.94,1.17,4388.0
Punjab,Faridkot,Wheat,2024-25,12.843452356368795,Good,3,Rainfall anomaly,,,0.0,36.38978167637825,-0.0,,2425.0,708.94,1.15,5289.0
Punjab,Fatehgarh Sahib,Maize,2024-25,38.59490242124553,Limited,2,Yield trend,Rainfall anomaly,,69.82913860388447,2.1549602081667505,,,2263.875,1047.61,0.0,4250.0
Punjab,Fatehgarh Sahib,Rice,2024-25,0.7605741911176767,Good,3,Rainfall anomaly,,,0.0,2.1549602081667505,-0.0,,2320.0,1047.61,0.88,4675.0
Punjab,Fatehgarh Sahib,Wheat,2024-25,0.7605741911176767,Good,3,Rainfall anomaly,,,0.0,2.1549602081667505,-0.0,,2425.0,1047.61,0.85,5249.0
Punjab,Fazilka,Maize,2024-25,46.15384615384616,Limited,2,Rainfall anomaly,,,0.0,100.0,,,1979.62,633.51,0.0,5600.0
Punjab,Fazilka,Rice,2024-25,17.176183723410787,Good,3,Yield trend,Rainfall anomaly,,30.92302573275354,12.588990528118094,0.0,,2320.0175,633.51,1.28,3349.0
Punjab,Fazilka,Wheat,2024-25,6.95395021855483,Good,3,Rainfall anomaly,Area trend,,0.0,12.588990528118094,10.670802636680882,,2425.11,633.51,1.97,4947.0
Punjab,Ferozepur,Maize,2024-25,,Insufficient,0,,,,,,,,2165.976,926.82,0.0,4200.0
Punjab,Ferozepur,Rice,2024-25,32.91951348827447,Good,3,Rainfall anomaly,Yield trend,,23.009188403627217,66.42790174587923,-0.0,,2316.6666666666665,926.82,1.87,4672.0
Punjab,Ferozepur,Wheat,2024-25,23.44514179266326,Good,3,Rainfall anomaly,,,0.0,66.42790174587923,-0.0,,2425.0,926.82,1.87,5223.0
Punjab,Gurdaspur,Maize,2024-25,54.47729991309792,Limited,2,Yield trend,Rainfall anomaly,,96.86847518660707,5.020928760670572,,,,1158.33,0.0,3600.0
Punjab,Gurdaspur,Rice,2024-25,1.7720925037660846,Good,3,Rainfall anomaly,,,0.0,5.020928760670572,0.0,,2320.01,1158.33,1.73,4072.0
Punjab,Gurdaspur,Wheat,2024-25,1.7720925037660846,Good,3,Rainfall anomaly,,,0.0,5.020928760670572,-0.0,,2425.0,1158.33,1.86,4834.0
Punjab,Hoshiarpur,Maize,2024-25,49.57673191736339,Good,3,Yield trend,Rainfall anomaly,,100.0,23.80074043252959,-0.0,,1450.0,1146.52,0.42,3765.0
Punjab,Hoshiarpur,Rice,2024-25,14.59971093649534,Good,3,Rainfall anomaly,Area trend,,0.0,23.80074043252959,26.347660831310797,,2320.0,1146.52,0.8,4319.0
Punjab,Hoshiarpur,Wheat,2024-25,8.400261329128092,Good,3,Rainfall anomaly,,,0.0,23.80074043252959,0.0,,2425.0,1146.52,1.46,4345.0
Punjab,Jalandhar,Maize,2024-25,31.929673093833976,Good,3,Area trend,Rainfall anomaly,,0.0,23.80074043252959,100.0,,2386.544,1146.52,0.04,4078.0
Punjab,Jalandhar,Rice,2024-25,11.25341711433688,Good,3,Rainfall anomaly,Area trend,,0.0,23.80074043252959,12.125912087137344,,2480.0,1146.52,1.76,4507.0
Punjab,Jalandhar,Wheat,2024-25,8.400261329128092,Good,3,Rainfall anomaly,,,0.0,23.80074043252959,0.0,,2405.0,1146.52,1.73,5012.0
Punjab,Kapurthala,Maize,2024-25,19.948521160292152,Good,3,Yield trend,Rainfall anomaly,,25.42071167600548,26.86331299882136,-0.0,,1542.8233333333335,963.72,0.01,4091.0
Punjab,Kapurthala,Rice,2024-25,9.481169293701658,Good,3,Rainfall anomaly,,,0.0,26.86331299882136,-0.0,,2320.0,963.72,1.17,4791.0
Punjab,Kapurthala,Wheat,2024-25,16.39156495695966,Good,3,Rainfall anomaly,Area trend,,0.0,26.86331299882136,29.369181568846503,,2425.0950000000003,963.72,1.07,5111.0
Punjab,Ludhiana,Maize,2024-25,23.44514179266326,Good,3,Rainfall anomaly,,,0.0,66.42790174587923,-0.0,,2181.698,926.82,0.01,3660.0
Punjab,Ludhiana,Rice,2024-25,23.44514179266326,Good,3,Rainfall anomaly,,,0.0,66.42790174587923,-0.0,,2320.0,926.82,2.58,4812.0
Punjab,Ludhiana,Wheat,2024-25,24.469948768575,Good,3,Rainfall anomaly,Area trend,,0.0,66.42790174587923,4.355429647624899,,2498.145,926.82,2.4,5132.0
Punjab,Malerkotla,Maize,2024-25,60.58433641230245,Limited,2,Yield trend,Rainfall anomaly,,69.82913860388447,49.79873385545675,,,2320.0,804.41,0.0,4250.0
Punjab,Malerkotla,Rice,2024-25,17.57602371369062,Good,3,Rainfall anomaly,,,0.0,49.79873385545675,-0.0,,2320.0,804.41,0.53,5328.0
Punjab,Malerkotla,Wheat,2024-25,17.57602371369062,Good,3,Rainfall anomaly,,,0.0,49.79873385545675,-0.0,,2425.0,804.41,0.52,5439.0
Punjab,Mansa,Maize,2024-25,18.605284288890417,Limited,2,Yield trend,Rainfall anomaly,,20.193902081398246,16.75189686429794,,,,721.61,0.0,4200.0
Punjab,Mansa,Rice,2024-25,9.475032918807134,Good,3,Rainfall anomaly,Yield trend,,8.652025490561941,16.75189686429794,0.0,,2320.0,721.61,1.44,4434.0
Punjab,Mansa,Wheat,2024-25,5.912434187399274,Good,3,Rainfall anomaly,,,0.0,16.75189686429794,0.0,,2425.0,721.61,1.72,5276.0
Punjab,Moga,Maize,2024-25,77.84052892613303,Limited,2,Yield trend,Rainfall anomaly,,100.0,51.98781267328821,,,,809.16,0.0,4250.0
Punjab,Moga,Rice,2024-25,18.3486397670429,Good,3,Rainfall anomaly,,,0.0,51.98781267328821,-0.0,,2241.1775,809.16,1.85,4721.0
Punjab,Moga,Wheat,2024-25,18.3486397670429,Good,3,Rainfall anomaly,,,0.0,51.98781267328821,-0.0,,2430.0,809.16,1.76,5360.0
Punjab,Pathankot,Maize,2024-25,7.967026720137706,Good,3,Rainfall anomaly,,,0.0,22.573242373723495,-0.0,,,1449.33,0.06,3313.0
Punjab,Pathankot,Rice,2024-25,7.967026720137706,Good,3,Rainfall anomaly,,,0.0,22.573242373723495,-0.0,,,1449.33,0.27,3648.0
Punjab,Pathankot,Wheat,2024-25,8.207468795255142,Good,3,Rainfall anomaly,Yield trend,,0.5839307538566308,22.573242373723495,0.0,,,1449.33,0.4,4184.0
Punjab,Patiala,Maize,2024-25,22.1543199283323,Good,3,Rainfall anomaly,,,0.0,62.77057313027484,-0.0,,1927.575,892.31,0.01,5029.0
Punjab,Patiala,Rice,2024-25,22.1543199283323,Good,3,Rainfall anomaly,,,0.0,62.77057313027484,-0.0,,2320.0,892.31,2.33,4483.0
Punjab,Patiala,Wheat,2024-25,22.1543199283323,Good,3,Rainfall anomaly,,,0.0,62.77057313027484,-0.0,,2421.3766666666666,892.31,2.31,5038.0
Punjab,Rupnagar,Maize,2024-25,20.160441335072424,Good,3,Area trend,Rainfall anomaly,,0.0,23.24568652340088,50.813345888956476,,,1191.48,0.2,5534.0
Punjab,Rupnagar,Rice,2024-25,8.204359949435606,Good,3,Rainfall anomaly,,,0.0,23.24568652340088,-0.0,,2320.0,1191.48,0.42,4108.0
Punjab,Rupnagar,Wheat,2024-25,11.89667920088229,Good,3,Rainfall anomaly,Area trend,,0.0,23.24568652340088,15.692356818648406,,2425.0,1191.48,0.67,4630.0
Punjab,S.A.S Nagar,Maize,2024-25,9.199437409278271,Good,3,Rainfall anomaly,,,0.0,26.06507265962177,0.0,,1868.6933333333327,1447.69,0.05,4551.0
Punjab,S.A.S Nagar,Rice,2024-25,32.72884917398416,Good,3,Area trend,Rainfall anomaly,,0.0,26.06507265962177,100.0,,2320.0,1447.69,0.33,3884.0
Punjab,S.A.S Nagar,Wheat,2024-25,13.936752675285318,Good,3,Rainfall anomaly,Area trend,,0.0,26.06507265962177,20.133589880529946,,2732.628571428572,1447.69,0.52,4680.0
Punjab,Sangrur,Maize,2024-25,18.605284288890417,Limited,2,Yield trend,Rainfall anomaly,,20.193902081398246,16.75189686429794,,,2034.07,721.61,0.0,4200.0
Punjab,Sangrur,Rice,2024-25,5.912434187399274,Good,3,Rainfall anomaly,,,0.0,16.75189686429794,-0.0,,2320.0,721.61,2.41,4853.0
Punjab,Sangrur,Wheat,2024-25,5.912434187399274,Good,3,Rainfall anomaly,,,0.0,16.75189686429794,-0.0,,2425.19,721.61,2.4,5519.0
Punjab,Shahid Bhagat Singh Nagar,Maize,2024-25,39.892512994540304,Good,3,Yield trend,Rainfall anomaly,,76.95694310953996,23.24568652340088,-0.0,,2356.35,781.01,0.05,4819.0
Punjab,Shahid Bhagat Singh Nagar,Rice,2024-25,8.204359949435606,Good,3,Rainfall anomaly,,,0.0,23.24568652340088,-0.0,,2321.6666666666665,781.01,0.63,4538.0
Punjab,Shahid Bhagat Singh Nagar,Wheat,2024-25,15.589908234947602,Good,3,Rainfall anomaly,Yield trend,,17.936331550529133,23.24568652340088,-0.0,,2556.07875,781.01,0.78,5019.0
Punjab,Sri Muktsar Sahib,Rice,2024-25,6.5430728234147475,Good,3,Rainfall anomaly,Yield trend,,5.099756404191734,12.588990528118094,0.0,,2320.0,633.51,2.02,4173.0
Punjab,Sri Muktsar Sahib,Wheat,2024-25,4.443173127571092,Good,3,Rainfall anomaly,,,0.0,12.588990528118094,-0.0,,2425.0,633.51,2.18,5379.0
Punjab,Tarn Taran,Maize,2024-25,41.758086995676955,Limited,2,Yield trend,Rainfall anomaly,,54.52503613583889,26.86331299882136,,,,963.72,0.0,4200.0
Punjab,Tarn Taran,Rice,2024-25,19.138004259023738,Good,3,Area trend,Rainfall anomaly,,0.0,26.86331299882136,41.04154860261883,,2320.0,963.72,1.85,4280.0
Punjab,Tarn Taran,Wheat,2024-25,9.481169293701658,Good,3,Rainfall anomaly,,,0.0,26.86331299882136,0.0,,2425.0,963.72,1.93,4973.0
Uttar Pradesh,Agra,Maize,2024-25,21.654915415951148,Good,3,Rainfall anomaly,,,0.0,61.355593678528244,0.0,,2281.54,1104.7,0.01,3483.0
Uttar Pradesh,Agra,Rice,2024-25,50.334081196654544,Good,3,Area trend,Rainfall anomaly,Yield trend,12.506545467422537,61.355593678528244,100.0,,,1104.7,0.17,2729.0
Uttar Pradesh,Agra,Wheat,2024-25,40.387913400720244,Complete,4,Rainfall anomaly,Area trend,Price volatility,0.0,61.355593678528244,81.45650867695325,37.93289041180742,2670.1158333333333,1104.7,1.25,4165.0
Uttar Pradesh,Aligarh,Maize,2024-25,24.101833995390006,Complete,4,Rainfall anomaly,Price volatility,,0.0,64.21093309002242,0.0,32.25702712255518,2292.4925,887.1,0.16,2997.0
Uttar Pradesh,Aligarh,Rice,2024-25,40.53864291608406,Complete,4,Rainfall anomaly,Area trend,Price volatility,0.0,64.21093309002242,59.94832941955549,61.90464736777486,2187.454444444445,887.1,1.89,2600.0
Uttar Pradesh,Aligarh,Wheat,2024-25,33.04665089309418,Complete,4,Rainfall anomaly,Yield trend,Price volatility,24.480559287995796,64.21093309002242,0.0,34.76783476859282,2600.8754166666663,887.1,1.84,3764.0
Uttar Pradesh,Ambedkar Nagar,Maize,2024-25,17.05775302027302,Good,3,Rainfall anomaly,,,0.0,48.33030022410688,-0.0,,,1058.02,0.0,2127.0
Uttar Pradesh,Ambedkar Nagar,Rice,2024-25,36.53792010549163,Good,3,Area trend,Rainfall anomaly,,0.0,48.33030022410688,82.79071011217906,,,1058.02,1.52,3129.0
Uttar Pradesh,Ambedkar Nagar,Wheat,2024-25,29.824416194766552,Good,3,Rainfall anomaly,Area trend,,0.0,48.33030022410688,54.258318491597514,,,1058.02,1.1,3890.0
Uttar Pradesh,Amethi,Maize,2024-25,21.873249273165026,Good,3,Rainfall anomaly,,,0.0,61.97420627396756,0.0,,,1111.83,0.01,3391.0
Uttar Pradesh,Amethi,Rice,2024-25,36.90839892510887,Complete,4,Rainfall anomaly,Area trend,Price volatility,0.0,61.97420627396756,62.24634871397178,39.1124486674949,2268.6181818181817,1111.83,0.97,2796.0
Uttar Pradesh,Amethi,Wheat,2024-25,45.08387938299908,Complete,4,Rainfall anomaly,Area trend,Price volatility,13.317666073289322,61.97420627396756,82.08309720523755,36.0920995607335,2625.18,1111.83,1.17,3175.0
Uttar Pradesh,Amroha,Maize,2024-25,39.43817581135206,Good,3,Rainfall anomaly,Yield trend,,20.275991686629542,88.08617449776303,0.0,,,1016.37,0.04,3314.0
Uttar Pradesh,Amroha,Rice,2024-25,54.6186498227399,Good,3,Rainfall anomaly,Area trend,,0.0,88.08617449776303,100.0,,,1016.37,0.32,2526.0
Uttar Pradesh,Amroha,Wheat,2024-25,54.259943859346556,Complete,4,Rainfall anomaly,Area trend,Yield trend,14.75411618908379,88.08617449776303,100.0,17.801005625588775,2500.20625,1016.37,0.87,3665.0
Uttar Pradesh,Auraiya,Maize,2024-25,37.082033956778226,Complete,4,Rainfall anomaly,Price volatility,Yield trend,7.813743343034465,75.19410479666027,0.0,78.5932823181205,2363.943333333333,995.18,0.06,2222.0
Uttar Pradesh,Auraiya,Rice,2024-25,80.26629015878203,Good,3,Yield trend,Rainfall anomaly,Area trend,73.33747198847608,75.19410479666027,100.0,,2236.916,995.18,0.85,3084.0
Uttar Pradesh,Auraiya,Wheat,2024-25,55.31042976921074,Complete,4,Rainfall anomaly,Area trend,Yield trend,22.729721642471503,75.19410479666027,100.0,31.978638368984146,2658.7425,995.18,0.97,3252.0
Uttar Pradesh,Ayodhya,Maize,2024-25,35.55359508757919,Complete,4,Rainfall anomaly,Yield trend,Price volatility,33.29362166713233,61.97420627396756,0.0,35.39043747928402,2521.931666666667,1111.83,0.04,3094.0
Uttar Pradesh,Ayodhya,Rice,2024-25,33.472453716389374,Complete,4,Rainfall anomaly,Area trend,Price volatility,0.0,61.97420627396756,43.11435408759953,41.71547344452796,2243.8166666666666,1111.83,0.94,2987.0
Uttar Pradesh,Ayodhya,Wheat,2024-25,53.675608813176495,Complete,4,Area trend,Rainfall anomaly,Yield trend,25.9395017102097,61.97420627396756,100.0,40.03014221608554,2627.7758333333336,1111.83,1.04,3521.0
Uttar Pradesh,Azamgarh,Maize,2024-25,48.81511159786333,Good,3,Rainfall anomaly,Area trend,,0.0,71.64281619394608,100.0,,,994.29,0.04,2617.0
Uttar Pradesh,Azamgarh,Rice,2024-25,52.78916472967265,Good,3,Rainfall anomaly,Area trend,Yield trend,23.650722147544148,71.64281619394608,75.50096205198736,,2313.2870000000003,994.29,1.65,2434.0
Uttar Pradesh,Azamgarh,Wheat,2024-25,41.3770256261726,Complete,4,Rainfall anomaly,Area trend,Yield trend,15.351212491637039,71.64281619394608,50.16189273653395,29.859185657393443,2634.6670833333333,994.29,2.28,3602.0
Uttar Pradesh,Baghpat,Maize,2024-25,28.173686855120643,Limited,2,Rainfall anomaly,,,0.0,61.04298818609472,,,,1065.14,0.0,3474.0
Uttar Pradesh,Baghpat,Rice,2024-25,21.544584065680493,Good,3,Rainfall anomaly,,,0.0,61.04298818609472,-0.0,,,1065.14,0.13,2728.0
Uttar Pradesh,Baghpat,Wheat,2024-25,56.68487315335543,Good,3,Area trend,Rainfall anomaly,Yield trend,28.197844927210557,61.04298818609472,100.0,,2657.14,1065.14,0.48,4398.0
Uttar Pradesh,Bahraich,Maize,2024-25,22.982673186457266,Complete,4,Rainfall anomaly,Price volatility,,0.0,55.40062794342955,0.0,42.41656535618932,2285.9666666666667,1521.7,0.51,1999.0
Uttar Pradesh,Bahraich,Rice,2024-25,36.821317628065664,Complete,4,Rainfall anomaly,Area trend,Price volatility,0.0,55.40062794342955,68.64259006052018,43.15074155288502,2159.295,1521.7,1.66,3066.0
Uttar Pradesh,Bahraich,Wheat,2024-25,26.58513665260588,Complete,4,Rainfall anomaly,Price volatility,Yield trend,10.65743870388626,55.40062794342955,11.35191769859651,26.4297412233168,2582.85375,1521.7,1.9,3528.0
Uttar Pradesh,Ballia,Maize,2024-25,18.31349675102751,Good,3,Rainfall anomaly,,,0.0,51.888240794577946,-0.0,,,847.26,0.18,2711.0
Uttar Pradesh,Ballia,Rice,2024-25,35.96548970964013,Complete,4,Rainfall anomaly,Area trend,Price volatility,7.215379898244599,51.888240794577946,73.59174232193698,21.035240283291547,2408.348571428571,847.26,0.69,2527.0
Uttar Pradesh,Ballia,Wheat,2024-25,44.121338043312996,Complete,4,Area trend,Rainfall anomaly,Price volatility,11.793389985353638,51.888240794577946,100.0,29.5145287337722,2621.0416666666665,847.26,1.41,3653.0
Uttar Pradesh,Balrampur,Maize,2024-25,25.78444562380658,Complete,4,Rainfall anomaly,Price volatility,Yield trend,9.528796546607651,54.09338533185919,-0.0,41.475674886240945,2304.8975,1740.86,0.03,2414.0
Uttar Pradesh,Balrampur,Rice,2024-25,38.04274163259815,Complete,4,Rainfall anomaly,Area trend,Price volatility,0.0,54.09338533185919,63.234385995146006,61.11899222674124,2185.266666666667,1740.86,1.21,2743.0
Uttar Pradesh,Balrampur,Wheat,2024-25,21.098914710523704,Complete,4,Rainfall anomaly,Price volatility,,0.0,54.09338533185919,0.0,32.47266073977297,2660.182916666666,1740.86,1.02,3135.0
Uttar Pradesh,Banda,Maize,2024-25,32.25162397092988,Limited,2,Rainfall anomaly,,,0.0,69.87851860368139,,,,919.74,0.0,3403.0
Uttar Pradesh,Banda,Rice,2024-25,47.23061541670575,Complete,4,Rainfall anomaly,Area trend,Price volatility,0.0,69.87851860368139,100.0,41.78039890400886,2300.0,919.74,1.21,2438.0
Uttar Pradesh,Banda,Wheat,2024-25,54.11825472154383,Complete,4,Rainfall anomaly,Area trend,Yield trend,29.62705747499238,69.87851860368139,93.50703341421374,27.225482275662138,2572.8995833333333,919.74,1.82,2790.0
Uttar Pradesh,Bara Banki,Maize,2024-25,12.644128274493717,Good,3,Rainfall anomaly,,,0.0,35.82503011106552,-0.0,,,1278.6,0.05,2433.0
Uttar Pradesh,Bara Banki,Rice,2024-25,29.914023609302465,Good,3,Area trend,Rainfall anomaly,,0.0,35.82503011106552,73.39705517293716,,2232.2325,1278.6,2.08,2872.0
Uttar Pradesh,Bara Banki,Wheat,2024-25,36.08780645759151,Complete,4,Area trend,Rainfall anomaly,Price volatility,0.0,35.82503011106552,100.0,35.60198282847898,2662.6141666666667,1278.6,1.52,4141.0
Uttar Pradesh,Bareilly,Maize,2024-25,10.22034278072884,Good,3,Rainfall anomaly,,,0.0,28.957637878731713,0.0,,2284.1666666666665,1239.27,0.08,3474.0
Uttar Pradesh,Bareilly,Rice,2024-25,31.986830632442093,Complete,4,Area trend,Rainfall anomaly,Yield trend,16.6531600979546,28.957637878731713,58.918542165722506,37.914832009293086,2298.1066666666666,1239.27,1.58,2825.0
Uttar Pradesh,Bareilly,Wheat,2024-25,34.09441408980849,Complete,4,Area trend,Rainfall anomaly,Yield trend,7.791398795900996,28.957637878731713,100.0,17.86755431749083,2582.8783333333336,1239.27,1.67,4031.0
Uttar Pradesh,Basti,Maize,2024-25,10.79233336731529,Good,3,Rainfall anomaly,,,0.0,30.578277874059985,0.0,,,1459.09,0.02,2998.0
Uttar Pradesh,Basti,Rice,2024-25,26.532717630092545,Complete,4,Yield trend,Rainfall anomaly,Price volatility,30.54397775799776,30.578277874059985,0.0,44.458947017168896,2285.0958333333333,1459.09,1.39,2661.0
Uttar Pradesh,Basti,Wheat,2024-25,29.222965139545096,Complete,4,Area trend,Rainfall anomaly,Price volatility,10.372767711068953,30.578277874059985,60.5435610591821,28.735339110776927,2630.3683333333333,1459.09,1.28,3476.0
Uttar Pradesh,Bhadohi,Maize,2024-25,20.002223211214588,Good,3,Rainfall anomaly,,,0.0,56.67296576510799,-0.0,,,899.49,0.0,3161.0
Uttar Pradesh,Bhadohi,Rice,2024-25,37.936345289669866,Good,3,Rainfall anomaly,Area trend,,0.0,56.67296576510799,76.22001883343489,,2302.108,899.49,0.6,3179.0
Uttar Pradesh,Bhadohi,Wheat,2024-25,27.022281788712636,Complete,4,Rainfall anomaly,Price volatility,Yield trend,14.027370023546895,56.67296576510799,0.0,34.07208367292548,2579.6175,899.49,0.48,3471.0
Uttar Pradesh,Bijnor,Maize,2024-25,17.42250577288786,Limited,2,Rainfall anomaly,,,0.0,37.74876250792369,,,2222.8290909090906,1345.3,0.0,3523.0
Uttar Pradesh,Bijnor,Rice,2024-25,30.942581007635987,Good,3,Area trend,Rainfall anomaly,,0.0,37.74876250792369,74.8828255205674,,2300.0,1345.3,0.29,2606.0
Uttar Pradesh,Bijnor,Wheat,2024-25,43.30570534663306,Complete,4,Area trend,Rainfall anomaly,Yield trend,19.96294193374809,37.74876250792369,100.0,33.29364611629412,2604.454166666667,1345.3,1.28,3596.0
Uttar Pradesh,Budaun,Maize,2024-25,20.465163224142273,Complete,4,Price volatility,Rainfall anomaly,,0.0,33.25018756735789,0.0,69.93404635956603,2283.47875,956.85,0.25,3353.0
Uttar Pradesh,Budaun,Rice,2024-25,37.98536128318552,Complete,4,Yield trend,Rainfall anomaly,Price volatility,65.42236752273627,33.25018756735789,0.0,34.083175866803,2241.697083333333,956.85,1.69,2620.0
Uttar Pradesh,Budaun,Wheat,2024-25,15.07742402374961,Complete,4,Rainfall anomaly,Price volatility,,0.0,33.25018756735789,0.0,34.01578502361495,2617.5241666666666,956.85,1.91,4044.0
Uttar Pradesh,Bulandshahr,Maize,2024-25,27.927794234862393,Complete,4,Rainfall anomaly,Price volatility,,0.0,78.5713514341688,0.0,29.042592030745013,2418.1240000000003,923.0,0.45,2888.0
Uttar Pradesh,Bulandshahr,Rice,2024-25,51.26047697676546,Good,3,Rainfall anomaly,Area trend,,0.0,78.5713514341688,100.0,,,923.0,1.43,2706.0
Uttar Pradesh,Bulandshahr,Wheat,2024-25,50.16258236624534,Complete,4,Rainfall anomaly,Area trend,Price volatility,0.0,78.5713514341688,100.0,43.941179573297966,2669.9958333333334,923.0,1.78,3954.0
Uttar Pradesh,Chandauli,Maize,2024-25,79.15092448842081,Limited,2,Yield trend,Rainfall anomaly,,100.0,54.82700305824507,,,,1031.34,0.0,3458.0
Uttar Pradesh,Chandauli,Rice,2024-25,39.00026680421493,Good,3,Area trend,Rainfall anomaly,,0.0,54.82700305824507,83.51062933054584,,2300.0,1031.34,1.21,3434.0
Uttar Pradesh,Chandauli,Wheat,2024-25,24.72126917627093,Complete,4,Rainfall anomaly,Price volatility,Area trend,0.0,54.82700305824507,18.557917629010227,30.41056488663574,2634.9525,1031.34,1.06,3615.0
Uttar Pradesh,Chitrakoot,Maize,2024-25,39.61367205343001,Limited,2,Yield trend,Rainfall anomaly,,45.97277841563318,32.194714630859636,,,,1125.46,0.03,3479.0
Uttar Pradesh,Chitrakoot,Rice,2024-25,11.362840457950462,Good,3,Rainfall anomaly,,,0.0,32.194714630859636,-0.0,,,1125.46,0.36,2282.0
Uttar Pradesh,Chitrakoot,Wheat,2024-25,39.57627659600471,Complete,4,Area trend,Rainfall anomaly,Yield trend,16.505453635986953,32.194714630859636,100.0,27.606356227675867,2629.556666666667,1125.46,0.61,2860.0
Uttar Pradesh,Deoria,Maize,2024-25,23.761909155647672,Complete,4,Rainfall anomaly,Price volatility,,0.0,68.17913911102728,-0.0,22.054449482263234,,1150.39,0.05,2666.0
Uttar Pradesh,Deoria,Rice,2024-25,50.72501539029117,Complete,4,Rainfall anomaly,Area trend,Price volatility,11.736347652713205,68.17913911102728,100.0,41.090346523555695,2236.1275,1150.39,1.4,2628.0
Uttar Pradesh,Deoria,Wheat,2024-25,39.91875244466417,Complete,4,Rainfall anomaly,Area trend,Yield trend,17.358700466045356,68.17913911102728,49.34475207713707,23.47010088541792,2615.521111111111,1150.39,1.44,3568.0
Uttar Pradesh,Etah,Maize,2024-25,18.809096500937155,Complete,4,Rainfall anomaly,Price volatility,Yield trend,5.772818161000451,30.686901432800166,0.0,50.55026476497962,2226.335833333333,968.49,0.25,3552.0
Uttar Pradesh,Etah,Rice,2024-25,13.62012118592813,Good,3,Rainfall anomaly,Yield trend,,6.7743787948538845,30.686901432800166,0.0,,2770.0,968.49,0.88,2584.0
Uttar Pradesh,Etah,Wheat,2024-25,42.411322161859374,Complete,4,Area trend,Yield trend,Rainfall anomaly,26.396999565934546,30.686901432800166,100.0,26.442012559614874,2569.5575,968.49,1.15,3625.0
Uttar Pradesh,Etawah,Maize,2024-25,26.539095810585984,Good,3,Rainfall anomaly,,,0.0,75.19410479666027,0.0,,2287.619,995.18,0.14,3454.0
Uttar Pradesh,Etawah,Rice,2024-25,31.46218814584822,Good,3,Rainfall anomaly,Area trend,,0.0,75.19410479666027,20.9231424248645,,2355.9025,995.18,0.73,3166.0
Uttar Pradesh,Etawah,Wheat,2024-25,47.58078430614493,Complete,4,Rainfall anomaly,Area trend,Price volatility,0.0,75.19410479666027,100.0,33.48368578097897,2632.9791666666665,995.18,0.91,4083.0
Uttar Pradesh,Farrukhabad,Maize,2024-25,33.83559612646325,Complete,4,Rainfall anomaly,Price volatility,Yield trend,25.965889809609678,47.633009187945916,0.0,69.71754624477391,2348.9925,957.23,0.53,3148.0
Uttar Pradesh,Farrukhabad,Rice,2024-25,34.62832511458932,Complete,4,Area trend,Rainfall anomaly,Price volatility,0.0,47.633009187945916,76.22001883343489,33.96279061012375,2303.3725,957.23,1.02,3196.0
Uttar Pradesh,Farrukhabad,Wheat,2024-25,49.14565834112175,Complete,4,Area trend,Rainfall anomaly,Yield trend,29.090327443181334,47.633009187945916,100.0,31.160939864163378,2639.320416666667,957.23,0.68,4617.0
Uttar Pradesh,Fatehpur,Maize,2024-25,91.97863021026373,Limited,2,Yield trend,Rainfall anomaly,,100.0,82.6203654555714,,,1950.0,749.56,0.02,3270.0
Uttar Pradesh,Fatehpur,Rice,2024-25,55.02927404044749,Complete,4,Rainfall anomaly,Area trend,Yield trend,23.075518871543018,82.6203654555714,100.0,14.444885324906712,2162.0091666666667,749.56,1.81,2653.0
Uttar Pradesh,Fatehpur,Wheat,2024-25,33.293877073261484,Complete,4,Rainfall anomaly,Yield trend,Price volatility,14.284322569868053,82.6203654555714,0.0,23.388363580908266,2630.562083333333,749.56,1.71,3359.0
Uttar Pradesh,Firozabad,Maize,2024-25,21.432025686144137,Complete,4,Rainfall anomaly,Price volatility,,0.0,45.136796242262854,0.0,52.606578756435184,2367.742083333333,1078.94,0.05,3361.0
Uttar Pradesh,Firozabad,Rice,2024-25,19.39296716968794,Good,3,Rainfall anomaly,Yield trend,,8.408523490159691,45.136796242262854,-0.0,,,1078.94,0.49,3366.0
Uttar Pradesh,Firozabad,Wheat,2024-25,48.69875624951772,Complete,4,Area trend,Rainfall anomaly,Yield trend,26.02527238190143,45.136796242262854,100.0,40.32581362115577,2719.258333333333,1078.94,0.93,3766.0
Uttar Pradesh,Gautam Buddha Nagar,Maize,2024-25,42.05711813406315,Complete,4,Yield trend,Rainfall anomaly,Price volatility,59.17781317152841,57.646373718283094,-0.0,27.006476056955165,2407.05,916.61,0.01,2908.0
Uttar Pradesh,Gautam Buddha Nagar,Rice,2024-25,48.4073684742771,Complete,4,Area trend,Rainfall anomaly,Price volatility,0.0,57.646373718283094,100.0,74.08970905861442,2577.905714285714,916.61,0.28,2803.0
Uttar Pradesh,Gautam Buddha Nagar,Wheat,2024-25,42.170442444708065,Complete,4,Area trend,Rainfall anomaly,Price volatility,0.0,57.646373718283094,100.0,32.51020219482085,2639.9291666666663,916.61,0.51,3962.0
Uttar Pradesh,Ghaziabad,Maize,2024-25,48.783490335801545,Good,3,Rainfall anomaly,Yield trend,Price volatility,45.92567515905978,61.04298818609472,,30.93273004761264,2434.3283333333334,1065.14,0.0,3459.0
Uttar Pradesh,Ghaziabad,Rice,2024-25,45.07399583038638,Good,3,Area trend,Rainfall anomaly,,0.0,61.04298818609472,100.0,,,1065.14,0.05,2661.0
Uttar Pradesh,Ghaziabad,Wheat,2024-25,43.72535724313405,Complete,4,Area trend,Rainfall anomaly,Price volatility,0.0,61.04298818609472,100.0,36.083071915370866,2653.1891666666666,1065.14,0.27,3773.0
Uttar Pradesh,Ghazipur,Maize,2024-25,42.53249569017414,Good,3,Rainfall anomaly,Yield trend,,45.645779875130174,67.25532793450817,-0.0,,,991.84,0.01,3414.0
Uttar Pradesh,Ghazipur,Rice,2024-25,66.36082539331335,Good,3,Yield trend,Rainfall anomaly,Area trend,95.38444524052093,67.25532793450817,14.227736848907805,,2350.0,991.84,1.8,2970.0
Uttar Pradesh,Ghazipur,Wheat,2024-25,25.913198789342346,Complete,4,Rainfall anomaly,Price volatility,,0.0,67.25532793450817,0.0,38.24400272659927,2711.25,991.84,1.71,3806.0
Uttar Pradesh,Gonda,Maize,2024-25,22.19024529254256,Complete,4,Rainfall anomaly,Price volatility,,0.0,50.51794757201969,0.0,46.899073472911,2342.840833333333,1512.1,0.21,1593.0
Uttar Pradesh,Gonda,Rice,2024-25,34.46430937276674,Complete,4,Rainfall anomaly,Area trend,Price volatility,0.0,50.51794757201969,61.85972543003396,46.246533434360245,2194.1670833333333,1512.1,1.37,2590.0
Uttar Pradesh,Gonda,Wheat,2024-25,39.57706800275529,Complete,4,Area trend,Rainfall anomaly,Price volatility,0.0,50.51794757201969,100.0,29.47789154099581,2672.478333333333,1512.1,1.42,3688.0
Uttar Pradesh,Gorakhpur,Maize,2024-25,24.688682215585857,Complete,4,Rainfall anomaly,Price volatility,,0.0,67.99787209254195,0.0,28.595470585488457,2426.096666666667,1172.31,0.03,2960.0
Uttar Pradesh,Gorakhpur,Rice,2024-25,31.868924881402002,Complete,4,Rainfall anomaly,Price volatility,Area trend,0.0,67.99787209254195,27.897523233152626,39.26705738005926,2273.8058333333333,1172.31,1.54,2877.0
Uttar Pradesh,Gorakhpur,Wheat,2024-25,43.53020331572454,Complete,4,Rainfall anomaly,Area trend,Price volatility,0.0,67.99787209254195,100.0,20.872277919746335,2574.2975,1172.31,1.73,4002.0
Uttar Pradesh,Hamirpur,Maize,2024-25,,Very Limited,1,Rainfall anomaly,,,,84.41535244876363,,,,844.3,0.01,3455.0
Uttar Pradesh,Hamirpur,Rice,2024-25,61.747996890274365,Complete,4,Rainfall anomaly,Area trend,Price volatility,4.066831873272201,84.41535244876363,100.0,100.0,2449.2905,844.3,0.2,2100.0
Uttar Pradesh,Hamirpur,Wheat,2024-25,48.83651889708477,Complete,4,Rainfall anomaly,Area trend,Price volatility,0.0,84.41535244876363,100.0,23.4127544163712,2541.0750000000003,844.3,1.36,3312.0
Uttar Pradesh,Hapur,Maize,2024-25,34.732730198105905,Good,3,Rainfall anomaly,Yield trend,,17.004043537541076,78.5713514341688,0.0,,,923.0,0.0,3092.0
Uttar Pradesh,Hapur,Rice,2024-25,51.26047697676546,Good,3,Rainfall anomaly,Area trend,,0.0,78.5713514341688,100.0,,,923.0,0.15,2470.0
Uttar Pradesh,Hapur,Wheat,2024-25,51.26047697676546,Good,3,Rainfall anomaly,Area trend,,0.0,78.5713514341688,100.0,,,923.0,0.41,3840.0
Uttar Pradesh,Hardoi,Maize,2024-25,20.67860349285894,Complete,4,Rainfall anomaly,Price volatility,,0.0,59.950737305643955,0.0,17.955882007771677,2259.7583333333337,947.26,0.21,2291.0
Uttar Pradesh,Hardoi,Rice,2024-25,30.063524407025827,Complete,4,Rainfall anomaly,Area trend,Price volatility,0.0,59.950737305643955,43.26001068924681,22.842007183221813,2242.14,947.26,1.81,2765.0
Uttar Pradesh,Hardoi,Wheat,2024-25,39.11945592585952,Complete,4,Rainfall anomaly,Area trend,Yield trend,21.478146062120963,59.950737305643955,48.820665658017134,25.6850032054704,2608.0066666666667,947.26,3.07,3699.0
Uttar Pradesh,Hathras,Maize,2024-25,27.048192496314737,Complete,4,Rainfall anomaly,Price volatility,,0.0,55.62688084949308,0.0,69.06752160977872,2202.310833333333,961.4,0.1,3426.0
Uttar Pradesh,Hathras,Rice,2024-25,27.96746114339958,Complete,4,Rainfall anomaly,Price volatility,,0.0,55.62688084949308,-0.0,75.19597925701102,2357.02,961.4,0.62,2604.0
Uttar Pradesh,Hathras,Wheat,2024-25,45.063866942522516,Complete,4,Area trend,Rainfall anomaly,Price volatility,12.403048732339576,55.62688084949308,94.5514157680584,34.163016518293645,2633.968333333333,961.4,0.68,3958.0
Uttar Pradesh,Jalaun,Maize,2024-25,34.926785730676684,Limited,2,Rainfall anomaly,,,0.0,75.67470241646615,,,,1027.09,0.02,3449.0
Uttar Pradesh,Jalaun,Rice,2024-25,34.926785730676684,Limited,2,Rainfall anomaly,,,0.0,75.67470241646615,,,2410.0,1027.09,0.52,2261.0
Uttar Pradesh,Jalaun,Wheat,2024-25,27.60055948177253,Complete,4,Rainfall anomaly,Price volatility,,0.0,75.67470241646615,0.0,32.65432504555124,2603.5141666666664,1027.09,1.59,3790.0
Uttar Pradesh,Jaunpur,Maize,2024-25,64.67920701292003,Complete,4,Yield trend,Rainfall anomaly,Price volatility,99.61237972997222,64.12482046857312,0.0,70.51618644571872,2348.532083333333,863.9,0.21,2308.0
Uttar Pradesh,Jaunpur,Rice,2024-25,33.20729499655359,Complete,4,Rainfall anomaly,Area trend,Price volatility,0.0,64.12482046857312,36.5438446461674,44.40719951165447,2299.35125,863.9,1.69,2775.0
Uttar Pradesh,Jaunpur,Wheat,2024-25,43.59361733296804,Complete,4,Area trend,Rainfall anomaly,Price volatility,0.0,64.12482046857312,100.0,29.04114128264064,2647.4591666666665,863.9,2.02,3922.0
Uttar Pradesh,Jhansi,Maize,2024-25,37.80783482257931,Good,3,Rainfall anomaly,Yield trend,,44.479683772189475,55.22923426308698,-0.0,,,1216.67,0.02,1160.0
Uttar Pradesh,Jhansi,Rice,2024-25,19.49267091638364,Good,3,Rainfall anomaly,,,0.0,55.22923426308698,-0.0,,2339.13,1216.67,0.63,2197.0
Uttar Pradesh,Jhansi,Wheat,2024-25,25.92289860338816,Complete,4,Rainfall anomaly,Yield trend,Price volatility,17.267822047041147,55.22923426308698,0.0,22.069270719984402,2658.6041666666665,1216.67,1.69,3393.0
Uttar Pradesh,Kannauj,Maize,2024-25,40.04930839279387,Complete,4,Rainfall anomaly,Price volatility,Yield trend,20.093740155280713,77.25926509419239,0.0,65.59146540125263,2342.971666666667,866.9,0.58,3232.0
Uttar Pradesh,Kannauj,Rice,2024-25,50.7973876803032,Good,3,Rainfall anomaly,Area trend,,0.0,77.25926509419239,100.0,,2296.9533333333334,866.9,0.43,3348.0
Uttar Pradesh,Kannauj,Wheat,2024-25,36.23047132003758,Complete,4,Rainfall anomaly,Area trend,Price volatility,0.0,77.25926509419239,49.249858323142554,21.351467514342307,2636.39875,866.9,0.6,4548.0
Uttar Pradesh,Kanpur Dehat,Maize,2024-25,67.10642849159117,Complete,4,Yield trend,Rainfall anomaly,Price volatility,100.0,88.38982054228018,-0.0,37.26321552604738,2311.2000000000003,836.71,0.12,2759.0
Uttar Pradesh,Kanpur Dehat,Rice,2024-25,48.13575654211318,Complete,4,Rainfall anomaly,Area trend,Price volatility,0.0,88.38982054228018,100.0,10.792069196194126,2316.137222222222,836.71,0.73,3061.0
Uttar Pradesh,Kanpur Dehat,Wheat,2024-25,31.795730622170847,Complete,4,Rainfall anomaly,Price volatility,,0.0,88.38982054228018,0.0,35.191896396578606,2616.855833333333,836.71,1.38,4438.0
Uttar Pradesh,Kanpur Nagar,Maize,2024-25,68.56352480532044,Good,3,Yield trend,Rainfall anomaly,,90.74871406239517,88.38982054228018,0.0,,,836.71,0.13,3272.0
Uttar Pradesh,Kanpur Nagar,Rice,2024-25,46.88876406886489,Good,3,Rainfall anomaly,Area trend,,0.0,88.38982054228018,66.69251647925546,,,836.71,0.52,3061.0
Uttar Pradesh,Kanpur Nagar,Wheat,2024-25,45.34105064977183,Good,3,Rainfall anomaly,Yield trend,Area trend,22.625120083886035,88.38982054228018,20.520774301309416,,,836.71,1.07,4225.0
Uttar Pradesh,Kasganj,Maize,2024-25,17.096272057075012,Complete,4,Rainfall anomaly,Price volatility,,0.0,33.25018756735789,0.0,47.474771912450954,2324.645,956.85,0.34,2964.0
Uttar Pradesh,Kasganj,Rice,2024-25,35.264772082596906,Good,3,Area trend,Rainfall anomaly,,0.0,33.25018756735789,100.0,,,956.85,0.45,2679.0
Uttar Pradesh,Kasganj,Wheat,2024-25,23.373051215028628,Complete,4,Rainfall anomaly,Yield trend,Price volatility,28.294222290373593,33.25018756735789,0.0,23.300114287936687,2603.1841666666664,956.85,0.94,3811.0
Uttar Pradesh,Kaushambi,Maize,2024-25,81.24954116586733,Limited,2,Yield trend,Rainfall anomaly,,100.0,59.374005859379174,,,,902.28,0.01,3447.0
Uttar Pradesh,Kaushambi,Rice,2024-25,48.74064274381804,Good,3,Area trend,Rainfall anomaly,Yield trend,10.335270212661655,59.374005859379174,100.0,,2297.06,902.28,0.77,3471.0
Uttar Pradesh,Kaushambi,Wheat,2024-25,31.552361570595952,Complete,4,Rainfall anomaly,Yield trend,Price volatility,29.15796083777062,59.374005859379174,0.0,23.565823463749872,2631.837916666667,902.28,0.8,4367.0
Uttar Pradesh,Kheri,Maize,2024-25,20.31010434140235,Good,3,Rainfall anomaly,,,0.0,57.54529563397332,0.0,,2157.8475,1253.71,0.05,2924.0
Uttar Pradesh,Kheri,Rice,2024-25,35.29741464200573,Complete,4,Rainfall anomaly,Area trend,Price volatility,0.0,57.54529563397332,69.21601710279486,27.93748354169835,2100.6525,1253.71,1.13,3352.0
Uttar Pradesh,Kheri,Wheat,2024-25,47.66930057884872,Complete,4,Area trend,Rainfall anomaly,Yield trend,16.647082591611653,57.54529563397332,100.0,30.52821987728426,2583.8595833333334,1253.71,1.82,3993.0
Uttar Pradesh,Kushinagar,Maize,2024-25,19.968650435014485,Good,3,Rainfall anomaly,,,0.0,56.577842899207695,0.0,,,1545.58,0.05,3158.0
Uttar Pradesh,Kushinagar,Rice,2024-25,30.09275160833602,Good,3,Rainfall anomaly,Area trend,,0.0,56.577842899207695,43.02742998661651,,2324.715,1545.58,0.87,2749.0
Uttar Pradesh,Kushinagar,Wheat,2024-25,43.475361640997654,Complete,4,Area trend,Rainfall anomaly,Yield trend,10.482449433338704,56.577842899207695,100.0,18.887676463778604,2411.575,1545.58,1.12,3839.0
Uttar Pradesh,Lalitpur,Maize,2024-25,30.698458350058008,Complete,4,Rainfall anomaly,Area trend,Price volatility,0.0,67.1318226158684,34.421943989293226,24.496818449592276,2197.2229166666666,1412.13,0.11,856.0
Uttar Pradesh,Lalitpur,Rice,2024-25,70.707853919229,Complete,4,Yield trend,Rainfall anomaly,Area trend,75.37252184945676,67.1318226158684,100.0,27.919496581057274,2123.2445833333336,1412.13,0.01,1231.0
Uttar Pradesh,Lalitpur,Wheat,2024-25,27.974359615190934,Complete,4,Rainfall anomaly,Price volatility,Yield trend,10.489508088840948,67.1318226158684,0.0,27.756566662240534,2592.020833333333,1412.13,1.72,3401.0
Uttar Pradesh,Lucknow,Maize,2024-25,21.98352116730839,Good,3,Rainfall anomaly,,,0.0,62.28664330737376,-0.0,,,957.96,0.01,2059.0
Uttar Pradesh,Lucknow,Rice,2024-25,36.52665136139389,Complete,4,Rainfall anomaly,Price volatility,Area trend,10.854257956482538,62.28664330737376,20.520774301309416,66.25008816100654,2445.45625,957.96,0.36,2774.0
Uttar Pradesh,Lucknow,Wheat,2024-25,43.32814891155022,Complete,4,Area trend,Rainfall anomaly,Price volatility,0.0,62.28664330737376,100.0,30.9477061289206,2662.563333333333,957.96,0.72,3310.0
Uttar Pradesh,Mahoba,Maize,2024-25,32.08113458658926,Limited,2,Rainfall anomaly,,,0.0,69.50912493761005,,,,970.6,0.0,327.0
Uttar Pradesh,Mahoba,Rice,2024-25,34.47753472545844,Limited,2,Rainfall anomaly,Yield trend,,4.450457400757052,69.50912493761005,,,,970.6,0.02,2100.0
Uttar Pradesh,Mahoba,Wheat,2024-25,30.271247258664385,Complete,4,Rainfall anomaly,Yield trend,Price volatility,14.694661882535055,69.50912493761005,0.0,28.502520789960638,2601.3725,970.6,0.77,3160.0
Uttar Pradesh,Mahrajganj,Maize,2024-25,19.968650435014485,Good,3,Rainfall anomaly,,,0.0,56.577842899207695,0.0,,,1545.58,0.07,3475.0
Uttar Pradesh,Mahrajganj,Rice,2024-25,23.317866780068297,Complete,4,Rainfall anomaly,Price volatility,,0.0,56.577842899207695,0.0,42.296759402039896,2229.65375,1545.58,1.56,2759.0
Uttar Pradesh,Mahrajganj,Wheat,2024-25,35.78421189959512,Complete,4,Rainfall anomaly,Area trend,Price volatility,0.0,56.577842899207695,78.77773758623476,20.368743417239028,2492.1383333333333,1545.58,1.31,3699.0
Uttar Pradesh,Mainpuri,Maize,2024-25,23.524677391902195,Complete,4,Rainfall anomaly,Price volatility,,0.0,65.55893679064741,0.0,25.713309031386476,2340.6095833333334,949.43,0.32,3528.0
Uttar Pradesh,Mainpuri,Rice,2024-25,46.66786004375791,Good,3,Area trend,Rainfall anomaly,,0.0,65.55893679064741,100.0,,,949.43,0.66,3016.0
Uttar Pradesh,Mainpuri,Wheat,2024-25,26.647781112953027,Complete,4,Rainfall anomaly,Price volatility,Area trend,0.0,65.55893679064741,14.227736848907805,27.56368470651495,2613.681666666667,949.43,1.34,3712.0
Uttar Pradesh,Mathura,Maize,2024-25,13.592728750980125,Limited,2,Rainfall anomaly,,,0.0,29.45091229379027,,,2208.155,970.68,0.06,3483.0
Uttar Pradesh,Mathura,Rice,2024-25,33.923851397808335,Good,3,Area trend,Rainfall anomaly,,0.0,29.45091229379027,100.0,,2300.0,970.68,1.14,2211.0
Uttar Pradesh,Mathura,Wheat,2024-25,34.122977379491324,Complete,4,Area trend,Rainfall anomaly,Price volatility,0.0,29.45091229379027,99.00744714446171,36.574761749745974,2675.681666666667,970.68,1.69,3717.0
Uttar Pradesh,Mau,Maize,2024-25,25.675052256074242,Good,3,Rainfall anomaly,,,0.0,72.74598139221034,-0.0,,,996.27,0.0,2249.0
Uttar Pradesh,Mau,Rice,2024-25,89.33952893982877,Good,3,Yield trend,Rainfall anomaly,Area trend,97.47087194626098,72.74598139221034,100.0,,,996.27,0.9,2682.0
Uttar Pradesh,Mau,Wheat,2024-25,54.02631982734065,Good,3,Rainfall anomaly,Area trend,Yield trend,11.710221244504126,72.74598139221034,100.0,,,996.27,0.92,3505.0
Uttar Pradesh,Meerut,Maize,2024-25,32.04958245877881,Good,3,Rainfall anomaly,Price volatility,,0.0,61.04298818609472,,48.84513007463087,2410.843333333333,1065.14,0.03,3463.0
Uttar Pradesh,Meerut,Rice,2024-25,38.28309800557203,Good,3,Rainfall anomaly,Area trend,,0.0,61.04298818609472,71.13868424453902,,,1065.14,0.13,2560.0
Uttar Pradesh,Meerut,Wheat,2024-25,46.52978900176131,Complete,4,Area trend,Rainfall anomaly,Price volatility,7.850909438680908,61.04298818609472,100.0,36.460494949297114,2648.435833333333,1065.14,0.72,4049.0
Uttar Pradesh,Mirzapur,Maize,2024-25,76.48262912623323,Good,3,Yield trend,Area trend,Rainfall anomaly,100.0,33.36744919099415,100.0,,,1052.88,0.02,2459.0
Uttar Pradesh,Mirzapur,Rice,2024-25,42.086738899002626,Good,3,Yield trend,Area trend,Rainfall anomaly,37.74173671981521,33.36744919099415,62.76942727459326,,2345.299375,1052.88,1.14,3081.0
Uttar Pradesh,Mirzapur,Wheat,2024-25,40.67077523068297,Complete,4,Area trend,Rainfall anomaly,Yield trend,16.78529769144785,33.36744919099415,100.0,31.904575209186476,2564.8129166666668,1052.88,1.22,3421.0
Uttar Pradesh,Moradabad,Maize,2024-25,17.43261657664563,Limited,2,Rainfall anomaly,,,0.0,37.77066924939886,,,,1163.71,0.0,3576.0
Uttar Pradesh,Moradabad,Rice,2024-25,23.792395653396525,Good,3,Rainfall anomaly,Area trend,,0.0,37.77066924939886,44.461677652836926,,,1163.71,0.91,2873.0
Uttar Pradesh,Moradabad,Wheat,2024-25,41.45859744135321,Good,3,Area trend,Rainfall anomaly,Yield trend,11.167448715230197,37.77066924939886,100.0,,,1163.71,1.14,3987.0
Uttar Pradesh,Muzaffarnagar,Maize,2024-25,50.27472272295285,Limited,2,Rainfall anomaly,Yield trend,,45.33846382610685,56.033691435939836,,,2532.7316666666666,1295.52,0.02,3463.0
Uttar Pradesh,Muzaffarnagar,Rice,2024-25,39.461850756631314,Good,3,Rainfall anomaly,Area trend,Yield trend,0.9024179180204375,56.033691435939836,82.08309720523755,,,1295.52,0.06,2540.0
Uttar Pradesh,Muzaffarnagar,Wheat,2024-25,50.084785612824994,Complete,4,Area trend,Rainfall anomaly,Yield trend,19.866294142563316,56.033691435939836,100.0,42.14316821430579,2575.835,1295.52,0.71,3960.0
Uttar Pradesh,Pilibhit,Maize,2024-25,21.768326785562657,Limited,2,Rainfall anomaly,,,0.0,47.16470803538575,,,,1345.94,0.01,3462.0
Uttar Pradesh,Pilibhit,Rice,2024-25,66.64853068195643,Complete,4,Yield trend,Rainfall anomaly,Area trend,100.0,47.16470803538575,64.45451257055564,30.72143838153048,2245.98,1345.94,1.09,3209.0
Uttar Pradesh,Pilibhit,Wheat,2024-25,32.07872522590587,Complete,4,Rainfall anomaly,Area trend,Price volatility,3.3059549028824957,47.16470803538575,60.5435610591821,31.09010924963229,2631.1283333333336,1345.94,1.4,4509.0
Uttar Pradesh,Pratapgarh,Maize,2024-25,65.31360903537521,Good,3,Yield trend,Rainfall anomaly,,100.0,68.38855893356308,-0.0,,2384.85,933.2,0.01,3289.0
Uttar Pradesh,Pratapgarh,Rice,2024-25,52.615423145234814,Complete,4,Yield trend,Rainfall anomaly,Price volatility,90.43399177294815,68.38855893356308,0.0,2.9797222975602264,2262.0675,933.2,1.47,2437.0
Uttar Pradesh,Pratapgarh,Wheat,2024-25,31.43816583135004,Complete,4,Rainfall anomaly,Yield trend,Price volatility,16.918071207490478,68.38855893356308,6.669251647925522,24.4428193271623,2643.8083333333334,933.2,1.49,3272.0
Uttar Pradesh,Prayagraj,Maize,2024-25,80.30281416399686,Limited,2,Yield trend,Rainfall anomaly,,100.0,57.32276402199318,,,2491.927,940.39,0.02,3467.0
Uttar Pradesh,Prayagraj,Rice,2024-25,36.32628871467164,Good,3,Rainfall anomaly,Area trend,,0.0,57.32276402199318,68.40258100436469,,2275.0995,940.39,1.95,3157.0
Uttar Pradesh,Prayagraj,Wheat,2024-25,20.892461467677414,Complete,4,Rainfall anomaly,Price volatility,,0.0,57.32276402199318,0.0,24.63754840719638,2625.3250000000003,940.39,2.26,2800.0
Uttar Pradesh,Rae Bareli,Maize,2024-25,25.563509007282246,Limited,2,Rainfall anomaly,,,0.0,55.38760284911153,,,,944.02,0.02,3195.0
Uttar Pradesh,Rae Bareli,Rice,2024-25,30.7945989034334,Complete,4,Rainfall anomaly,Area trend,Price volatility,0.0,55.38760284911153,48.5036483485495,29.85058919326692,2333.084166666667,944.02,1.78,2933.0
Uttar Pradesh,Rae Bareli,Wheat,2024-25,26.53494280342263,Complete,4,Rainfall anomaly,Yield trend,Price volatility,17.005363036862438,55.38760284911153,0.0,26.44523257191545,2590.4108333333334,944.02,1.72,3212.0
Uttar Pradesh,Rampur,Maize,2024-25,14.552167050942995,Limited,2,Rainfall anomaly,,,0.0,31.529695277043153,,,1872.29,1359.38,0.04,3561.0
Uttar Pradesh,Rampur,Rice,2024-25,37.286869231500496,Complete,4,Area trend,Price volatility,Rainfall anomaly,0.0,31.529695277043153,78.25255266899309,81.18300076392617,2191.04,1359.38,1.22,2883.0
Uttar Pradesh,Rampur,Wheat,2024-25,32.62833703365779,Complete,4,Area trend,Rainfall anomaly,Price volatility,0.0,31.529695277043153,92.48028951790079,31.155803646431234,2647.6695833333333,1359.38,1.38,4281.0
Uttar Pradesh,Saharanpur,Maize,2024-25,53.8938894706244,Complete,4,Yield trend,Rainfall anomaly,Price volatility,100.0,47.61586152786079,-0.0,30.727540081774414,2502.6200000000003,1556.73,0.03,2351.0
Uttar Pradesh,Saharanpur,Rice,2024-25,34.12130226205369,Good,3,Area trend,Rainfall anomaly,,0.0,47.61586152786079,73.59174232193698,,2293.0133333333333,1556.73,0.53,2514.0
Uttar Pradesh,Saharanpur,Wheat,2024-25,29.416507415903894,Complete,4,Rainfall anomaly,Yield trend,Price volatility,27.56422211970445,47.61586152786079,0.0,36.561808104327326,2663.76125,1556.73,1.14,4322.0
Uttar Pradesh,Sambhal,Maize,2024-25,19.2370949268946,Complete,4,Rainfall anomaly,Price volatility,,0.0,38.87379822747008,0.0,50.49970305769048,2098.8566666666666,1019.86,0.15,3292.0
Uttar Pradesh,Sambhal,Rice,2024-25,38.426521187260384,Good,3,Area trend,Rainfall anomaly,Yield trend,2.858295831229419,38.87379822747008,100.0,,2326.964,1019.86,1.02,2695.0
Uttar Pradesh,Sambhal,Wheat,2024-25,42.53760609593546,Complete,4,Area trend,Rainfall anomaly,Price volatility,15.321582196356209,38.87379822747008,100.0,36.752752393131686,2631.525416666667,1019.86,1.33,3912.0
Uttar Pradesh,Sant Kabir Nagar,Maize,2024-25,21.24799851360908,Good,3,Rainfall anomaly,,,0.0,60.20266245522572,-0.0,,,1559.12,0.02,2987.0
Uttar Pradesh,Sant Kabir Nagar,Rice,2024-25,39.76701633207464,Good,3,Rainfall anomaly,Area trend,Yield trend,5.20779121125157,60.20266245522572,69.59219110878837,,,1559.12,0.85,2776.0
Uttar Pradesh,Sant Kabir Nagar,Wheat,2024-25,55.63833847062686,Good,3,Area trend,Rainfall anomaly,Yield trend,26.37653989561459,60.20266245522572,100.0,,2623.0,1559.12,1.01,3754.0
Uttar Pradesh,Shahjahanpur,Maize,2024-25,58.66721629352647,Good,3,Yield trend,Rainfall anomaly,,100.0,49.55711283165831,-0.0,,2252.603888888889,1129.67,0.16,3406.0
Uttar Pradesh,Shahjahanpur,Rice,2024-25,36.02356741323731,Complete,4,Rainfall anomaly,Yield trend,Area trend,27.044966669048183,49.55711283165831,40.26717976105989,24.24839518240646,2080.7045,1129.67,1.61,3219.0
Uttar Pradesh,Shahjahanpur,Wheat,2024-25,19.888486562826245,Complete,4,Rainfall anomaly,Price volatility,,0.0,49.55711283165831,0.0,33.475684755524995,2624.0016666666666,1129.67,2.26,4459.0
Uttar Pradesh,Shamli,Maize,2024-25,70.9124270542903,Good,3,Yield trend,Rainfall anomaly,Price volatility,100.0,56.033691435939836,,32.798894751001924,2508.4616666666666,1295.52,0.01,3429.0
Uttar Pradesh,Shamli,Rice,2024-25,31.732678363027357,Good,3,Rainfall anomaly,Area trend,,0.0,56.033691435939836,50.813345888956476,,,1295.52,0.23,2778.0
Uttar Pradesh,Shamli,Wheat,2024-25,47.22470820652287,Complete,4,Rainfall anomaly,Area trend,Yield trend,27.60582812940075,56.033691435939836,77.60583735767909,34.87595639276556,2661.7341666666666,1295.52,0.53,4306.0
Uttar Pradesh,Shrawasti,Maize,2024-25,21.643649972227557,Good,3,Rainfall anomaly,,,0.0,61.3236749213114,-0.0,,,1220.8,0.05,2436.0
Uttar Pradesh,Shrawasti,Rice,2024-25,36.41292697801421,Good,3,Rainfall anomaly,Area trend,,0.0,61.3236749213114,62.76942727459326,,,1220.8,1.01,2924.0
Uttar Pradesh,Shrawasti,Wheat,2024-25,26.767684851786207,Good,3,Rainfall anomaly,Area trend,,0.0,61.3236749213114,21.777148238124255,,,1220.8,0.92,3780.0
Uttar Pradesh,Siddharthnagar,Maize,2024-25,21.97589768221205,Good,3,Rainfall anomaly,,,0.0,62.26504343293414,-0.0,,,1875.46,0.0,3325.0
Uttar Pradesh,Siddharthnagar,Rice,2024-25,41.01939857609744,Complete,4,Rainfall anomaly,Area trend,Price volatility,0.0,62.26504343293414,79.72438751543177,42.63338695420557,2287.74125,1875.46,1.37,2776.0
Uttar Pradesh,Siddharthnagar,Wheat,2024-25,30.07400914552173,Complete,4,Rainfall anomaly,Yield trend,Price volatility,19.24564578549159,62.26504343293414,0.0,31.056800604796198,2625.26375,1875.46,1.81,3531.0
Uttar Pradesh,Sitapur,Maize,2024-25,22.22621943896411,Good,3,Rainfall anomaly,,,0.0,62.9742884103983,-0.0,,,1103.51,0.1,3748.0
Uttar Pradesh,Sitapur,Rice,2024-25,35.35603827025913,Complete,4,Rainfall anomaly,Area trend,Price volatility,0.0,62.9742884103983,64.67153113139918,23.529636805731958,2148.9079166666666,1103.51,2.05,2964.0
Uttar Pradesh,Sitapur,Wheat,2024-25,43.9046945360067,Complete,4,Area trend,Rainfall anomaly,Price volatility,5.187900342041919,62.9742884103983,100.0,21.310952621150197,2588.318333333333,1103.51,2.01,3693.0
Uttar Pradesh,Sonbhadra,Maize,2024-25,12.622722589977103,Good,3,Rainfall anomaly,,,0.0,35.764380671601785,-0.0,,,1161.54,0.16,1695.0
Uttar Pradesh,Sonbhadra,Rice,2024-25,40.5513115958964,Good,3,Yield trend,Rainfall anomaly,Area trend,48.77156859173101,35.764380671601785,33.34625823962773,,2287.905,1161.54,1.18,2473.0
Uttar Pradesh,Sonbhadra,Wheat,2024-25,39.673327086195805,Complete,4,Area trend,Rainfall anomaly,Yield trend,23.935748066864825,35.764380671601785,79.04298249393251,31.71936375017378,2521.3725,1161.54,0.67,3019.0
Uttar Pradesh,Sultanpur,Maize,2024-25,17.05775302027302,Good,3,Rainfall anomaly,,,0.0,48.33030022410688,0.0,,,1058.02,0.03,1825.0
Uttar Pradesh,Sultanpur,Rice,2024-25,40.5871647849789,Good,3,Area trend,Rainfall anomaly,,0.0,48.33030022410688,100.0,,,1058.02,1.4,3281.0
Uttar Pradesh,Sultanpur,Wheat,2024-25,19.203716345900133,Good,3,Rainfall anomaly,Area trend,,0.0,48.33030022410688,9.120344133915244,,,1058.02,1.17,4030.0
Uttar Pradesh,Unnao,Maize,2024-25,26.40028822543006,Complete,4,Rainfall anomaly,Price volatility,,0.0,77.72000704106811,0.0,20.56190742073082,2261.015,804.49,0.23,2816.0
Uttar Pradesh,Unnao,Rice,2024-25,53.01796056185967,Complete,4,Rainfall anomaly,Yield trend,Area trend,46.82941781453852,77.72000704106811,44.461677652836926,29.4621778925557,2255.935833333333,804.49,1.37,2173.0
Uttar Pradesh,Unnao,Wheat,2024-25,57.47965074243435,Complete,4,Rainfall anomaly,Area trend,Yield trend,28.11593250438825,77.72000704106811,100.0,28.820481690520193,2612.3625,804.49,2.23,3094.0
Uttar Pradesh,Varanasi,Maize,2024-25,58.03525497113626,Complete,4,Yield trend,Rainfall anomaly,Price volatility,100.0,64.46679947614113,-0.0,24.634767521959418,2418.238333333333,968.52,0.02,2662.0
Uttar Pradesh,Varanasi,Rice,2024-25,27.983773656618883,Good,3,Rainfall anomaly,Area trend,,0.0,64.46679947614113,22.230838826418527,,,968.52,0.77,3069.0
Uttar Pradesh,Varanasi,Wheat,2024-25,43.566086586074455,Complete,4,Area trend,Rainfall anomaly,Price volatility,0.0,64.46679947614113,100.0,28.173644954880682,2676.4516666666664,968.52,0.63,3561.0
