Market_Key,District
faridabad,Faridabad
jhajjar,Jhajjar
kaithal,Kaithal
palwal,Palwal
panipat,Panipat
panipat(babarpur),Panipat
rewari,Rewari
rohtak,Rohtak
rohtak(kalanaur),Rohtak
sirsa,Sirsa
sirsa(malekan),Sirsa
adampur,Hisar
ambala cantt.,Ambala
ambala city,Ambala
ateli,Mahendragarh
babain,Kurukshetra
barara,Ambala
barwala,Hisar
bass,Hisar
dabwali,Sirsa
ding,Sirsa
hassanpur,Palwal
hathin,Palwal
indri,Karnal
jakhal,Fatehabad
jui,Bhiwani
jundla,Karnal
kalayat,Kaithal
ladwa,Kurukshetra
loharu,Bhiwani
mohindergarh,Mahendragarh
mullana,Ambala
naneola,Ambala
naraingarh,Ambala
narnaund,Hisar
narwana,Jind
nilokheri,Karnal
nissing,Karnal
pai,Kaithal
pehowa,Kurukshetra
pillukhera,Jind
pipli,Kurukshetra
punhana,Nuh
raipur rani,Panchkula
rajound,Kaithal
shahabad,Kurukshetra
shahzadpur,Ambala
siwan,Kaithal
siwani,Bhiwani
tauru,Nuh
thanesar,Kurukshetra
tohana,Fatehabad
adampur(agroha),Hisar
ambala city(subji mandi),Ambala
barwala(hisar),Hisar
dabwali(chautala),Sirsa
mullana(saha),Ambala
pehowa(gumthala gahru),Kurukshetra
ballabhgarh,Faridabad
bhattu kalan,Fatehabad
chhachhrauli(khizrabad),Yamunanagar
"new grain market(main), karnal",Karnal
gharaunda,Karnal
jullana,Jind
tarori,Karnal
nigdu,Karnal
bhuna,Fatehabad
bilaspur,Yamunanagar
cheeka,Kaithal
dharsul,Fatehabad
ganaur,Sonipat
hansi,Hisar
hansi(sisai),Hisar
hodal,Palwal
israna,Panipat
jagadhri,Yamunanagar
kosli,Rewari
kunjpura,Karnal
madlauda,Panipat
narnaul,Mahendragarh
"new grain market , jind",Jind
"new grain market , panchkula",Panchkula
pundri,Kaithal
radaur,Yamunanagar
sadhaura,Yamunanagar
safidon,Jind
samalkha,Panipat
sohna,Gurugram
tosham,Bhiwani
uchana,Jind
uklana,Hisar
dhand,Kaithal
asandh,Karnal
bapauli,Panipat
chhachrauli,Yamunanagar
ellanabad,Sirsa
farukh nagar,Gurugram
ferozpurzirkha(nagina),Nuh
hissar,Hisar
kalanwaliapmc,Sirsa
kalawali(odhan),Sirsa
khanina,Mahendragarh
"new grain market , sirsa",Sirsa
"new grain market , sonipat",Sonipat
bahadurgarh,Jhajjar
iamailabad,Kurukshetra
beri,Jhajjar
bhiwani,Bhiwani
gohana,Sonipat
