Market,Market_Key
Ahemadpur APMC,ahemadpur
Ajitwal (Chogawan) APMC,ajitwal (chogawan)
Ajitwal (Dala) APMC,ajitwal (dala)
Amloh(Gobind Garh Mandi) APMC,amloh(gobind garh mandi)
Badhni Kallan (Bilaspur) APMC,badhni kallan (bilaspur)
Banga (Kataria) APMC,banga (kataria)
Banur (Kheragaju) APMC,banur (kheragaju)
Bhadaur(Sehna) APMC,bhadaur(sehna)
Bhikhiwind (Algo) APMC,bhikhiwind (algo)
Bhikhiwind (Basarke) APMC,bhikhiwind (basarke)
Bhikhiwind (Marrimegha) APMC,bhikhiwind (marrimegha)
Bhikhiwind (Sursingh) APMC,bhikhiwind (sursingh)
Bhikhiwind(Khalra) APMC,bhikhiwind(khalra)
Bhulath (Ibrahimaaaaval) APMC,bhulath (ibrahimaaaaval)
Bhulath (Nadala) APMC,bhulath (nadala)
Bilga (Talwan ) APMC,bilga (talwan )
Budalada APMC,budalada
Budhlada (Phaphre Bhaike) APMC,budhlada (phaphre bhaike)
Dhanula (Kaleke) APMC,dhanula (kaleke)
Dudhansadhan APMC,dudhansadhan
Faridkot (Machakikalan) APMC,faridkot (machakikalan)
Firozepur City APMC,firozepur city
Garh Shankar(Mahalpur) APMC,garh shankar(mahalpur)
Garhshankar(Saila Khurd) APMC,garhshankar(saila khurd)
Gehri(Jandiala mandi) APMC,gehri(jandiala mandi)
Jaitu(Bajakhana) APMC,jaitu(bajakhana)
Jalandhar Cantt (Jamshedpur Dana Mandi) APMC,jalandhar cantt (jamshedpur dana mandi)
Jalandhar City(Faintan Ganj) APMC,jalandhar city(faintan ganj)
Jalandhar City(Kartar Pur Dana mandi) APMC,jalandhar city(kartar pur dana mandi)
Kankwal Chahlan APMC,kankwal chahlan
Khemkaran (Amarkot) APMC,khemkaran (amarkot)
Ludhiana(Salem Tabri) APMC,ludhiana(salem tabri)
Malaoud (Siar) APMC,malaoud (siar)
Mallanwala (KhosaDalSinghwala) APMC,mallanwala (khosadalsinghwala)
Malout (Kilianwali) APMC,malout (kilianwali)
Malout (Panniwala) APMC,malout (panniwala)
Mansa (Khiala kalan) APMC,mansa (khiala kalan)
Mansa(Ubha Buraj Dhilwan) APMC,mansa(ubha buraj dhilwan)
Mehal Kallan (ChananWal) APMC,mehal kallan (chananwal)
Mullanpur Dakha (Sawadi) APMC,mullanpur dakha (sawadi)
Nakodar(Sarih) APMC,nakodar(sarih)
Naushera Pannua (Dhotian) APMC,naushera pannua (dhotian)
Nawan Shahar(Mandi Jadla) APMC,nawan shahar(mandi jadla)
Nawan Shahar(MandiRaho) APMC,nawan shahar(mandiraho)
Nawanshahar APMC,nawanshahar
Noor Mehal(Kot Badal Khan) APMC,noor mehal(kot badal khan)
Nurpurbet APMC,nurpurbet
Patiala(Anaj Mandi Sanaur Road) APMC,patiala(anaj mandi sanaur road)
Patiala(New Anaj Mandi) APMC,patiala(new anaj mandi)
Patran(Ghagga Mandi) APMC,patran(ghagga mandi)
Phillaur(Apra Mandi) APMC,phillaur(apra mandi)
Rampuraphul(Bhai Rupan) APMC,rampuraphul(bhai rupan)
Rampuraphul(Chowke) APMC,rampuraphul(chowke)
Rampuraphul(Dhapali) APMC,rampuraphul(dhapali)
Rampuraphul(Mehraj) APMC,rampuraphul(mehraj)
Rayya(Sathiala) APMC,rayya(sathiala)
Samana(Gajewas) APMC,samana(gajewas)
Sandaur APMC,sandaur
Shakot (Malsian) APMC,shakot (malsian)
Sidhwan Bet (Lodhiwala) APMC,sidhwan bet (lodhiwala)
Sri Har Gobindpur APMC,sri har gobindpur
Sulargharat APMC,sulargharat
Sultanpur Lodhi (Tibba) APMC,sultanpur lodhi (tibba)
Talwandi Bhai(Mudki) APMC,talwandi bhai(mudki)
kum Kalan APMC,kum kalan
lakhowal APMC,lakhowal
