State,District,Crop,Year,Avg_Modal_Price,Min_Monthly_Price,Max_Monthly_Price,Price_Std,Months_Available,Avg_Markets_Reporting,Price_Volatility_Pct,Price_Coverage_Pct,Price_Coverage_Quality
Punjab,Amritsar,Wheat,2021-22,2015.0,2015.0,2015.0,0.0,2,3.6666666666666665,,16.666666666666664,Low
Punjab,Amritsar,Wheat,2022-23,2125.0,2125.0,2125.0,0.0,2,4.333333333333333,,16.666666666666664,Low
Punjab,Amritsar,Wheat,2023-24,2257.98,2203.0,2278.92,36.69988555840469,4,5.0,,33.33333333333333,Low
Punjab,Amritsar,Wheat,2024-25,2376.6766666666667,2280.0,2425.0299999999997,83.72445063022698,3,2.1666666666666665,,25.0,Low
Punjab,Barnala,Wheat,2021-22,2015.0,2015.0,2015.0,0.0,2,1.3333333333333333,,16.666666666666664,Low
Punjab,Barnala,Wheat,2022-23,2125.0,2125.0,2125.0,0.0,2,1.3333333333333333,,16.666666666666664,Low
Punjab,Barnala,Wheat,2023-24,2275.0,2275.0,2275.0,0.0,2,2.6666666666666665,,16.666666666666664,Low
Punjab,Barnala,Wheat,2024-25,2476.6666666666665,2425.0,2580.0,89.48929172439196,3,3.75,,25.0,Low
Punjab,Bathinda,Wheat,2021-22,2015.0,2015.0,2015.0,0.0,2,2.6666666666666665,,16.666666666666664,Low
Punjab,Bathinda,Wheat,2022-23,2103.3333333333335,2060.0,2125.0,37.52776749732564,3,2.0,,25.0,Low
Punjab,Bathinda,Wheat,2023-24,2275.0,2275.0,2275.0,0.0,2,2.0,,16.666666666666664,Low
Punjab,Bathinda,Wheat,2024-25,2425.0,2425.0,2425.0,0.0,2,2.0,,16.666666666666664,Low
Punjab,Faridkot,Wheat,2021-22,2015.0,2015.0,2015.0,0.0,2,1.6666666666666667,,16.666666666666664,Low
Punjab,Faridkot,Wheat,2022-23,2125.0,2125.0,2125.0,0.0,2,1.6666666666666667,,16.666666666666664,Low
Punjab,Faridkot,Wheat,2023-24,2275.0,2275.0,2275.0,0.0,2,2.6666666666666665,,16.666666666666664,Low
Punjab,Faridkot,Wheat,2024-25,2425.0,2425.0,2425.0,0.0,2,2.6666666666666665,,16.666666666666664,Low
Punjab,Fatehgarh Sahib,Wheat,2021-22,2016.77,2015.0,2018.54,2.5031580054003526,2,2.3333333333333335,,16.666666666666664,Low
Punjab,Fatehgarh Sahib,Wheat,2022-23,2125.0,2125.0,2125.0,0.0,2,2.3333333333333335,,16.666666666666664,Low
Punjab,Fatehgarh Sahib,Wheat,2023-24,2275.0,2275.0,2275.0,0.0,2,2.6666666666666665,,16.666666666666664,Low
Punjab,Fatehgarh Sahib,Wheat,2024-25,2425.0,2425.0,2425.0,0.0,2,2.3333333333333335,,16.666666666666664,Low
Punjab,Fazilka,Wheat,2021-22,2015.1200000000001,2015.005,2015.2350000000001,0.1626345596729188,2,1.3333333333333333,,16.666666666666664,Low
Punjab,Fazilka,Wheat,2022-23,2125.0025,2125.0,2125.005,0.0035355339060099107,2,1.3333333333333333,,16.666666666666664,Low
Punjab,Fazilka,Wheat,2023-24,2275.03,2275.01,2275.05,0.028284271247436175,2,1.3333333333333333,,16.666666666666664,Low
Punjab,Fazilka,Wheat,2024-25,2425.11,2425.0150000000003,2425.205,0.13435028842516106,2,1.3333333333333333,,16.666666666666664,Low
Punjab,Ferozepur,Wheat,2021-22,2015.0,2015.0,2015.0,0.0,2,3.0,,16.666666666666664,Low
Punjab,Ferozepur,Wheat,2022-23,2125.0,2125.0,2125.0,0.0,2,3.0,,16.666666666666664,Low
Punjab,Ferozepur,Wheat,2023-24,2275.0,2275.0,2275.0,0.0,2,4.666666666666667,,16.666666666666664,Low
Punjab,Ferozepur,Wheat,2024-25,2425.0,2425.0,2425.0,0.0,2,2.6666666666666665,,16.666666666666664,Low
Punjab,Gurdaspur,Wheat,2021-22,2015.0,2015.0,2015.0,0.0,2,1.6666666666666667,,16.666666666666664,Low
Punjab,Gurdaspur,Wheat,2022-23,2125.0,2125.0,2125.0,0.0,2,2.0,,16.666666666666664,Low
Punjab,Gurdaspur,Wheat,2023-24,2275.0,2275.0,2275.0,0.0,2,2.0,,16.666666666666664,Low
Punjab,Gurdaspur,Wheat,2024-25,2425.0,2425.0,2425.0,0.0,2,0.6666666666666666,,16.666666666666664,Low
Punjab,Hoshiarpur,Wheat,2021-22,2015.0,2015.0,2015.0,0.0,2,1.3333333333333333,,16.666666666666664,Low
Punjab,Hoshiarpur,Wheat,2022-23,2125.0,2125.0,2125.0,0.0,2,1.0,,16.666666666666664,Low
Punjab,Hoshiarpur,Wheat,2023-24,2275.0,2275.0,2275.0,0.0,2,3.0,,16.666666666666664,Low
Punjab,Hoshiarpur,Wheat,2024-25,2425.0,2425.0,2425.0,0.0,2,1.6666666666666667,,16.666666666666664,Low
Punjab,Jalandhar,Wheat,2021-22,2015.0,2015.0,2015.0,0.0,2,5.333333333333333,,16.666666666666664,Low
Punjab,Jalandhar,Wheat,2022-23,2125.0,2125.0,2125.0,0.0,2,4.333333333333333,,16.666666666666664,Low
Punjab,Jalandhar,Wheat,2023-24,2275.0,2275.0,2275.0,0.0,2,5.666666666666667,,16.666666666666664,Low
Punjab,Jalandhar,Wheat,2024-25,2405.0,2320.0,2450.0,57.879184513951124,4,4.8,,33.33333333333333,Low
Punjab,Kapurthala,Wheat,2021-22,2015.0,2015.0,2015.0,0.0,2,0.6666666666666666,,16.666666666666664,Low
Punjab,Kapurthala,Wheat,2022-23,2125.0,2125.0,2125.0,0.0,2,0.6666666666666666,,16.666666666666664,Low
Punjab,Kapurthala,Wheat,2023-24,2275.005,2275.0,2275.01,0.0070710678120198215,2,1.0,,16.666666666666664,Low
Punjab,Kapurthala,Wheat,2024-25,2425.0950000000003,2425.0,2425.19,0.13435028842532185,2,0.6666666666666666,,16.666666666666664,Low
Punjab,Ludhiana,Wheat,2021-22,2015.0,2015.0,2015.0,0.0,2,5.0,,16.666666666666664,Low
Punjab,Ludhiana,Wheat,2022-23,2125.0,2125.0,2125.0,0.0,2,3.6666666666666665,,16.666666666666664,Low
Punjab,Ludhiana,Wheat,2023-24,2275.0,2275.0,2275.0,0.0,2,6.333333333333333,,16.666666666666664,Low
Punjab,Ludhiana,Wheat,2024-25,2498.145,2425.0,2632.58,98.17279375332723,4,4.666666666666667,,33.33333333333333,Low
Punjab,Malerkotla,Wheat,2021-22,2015.0,2015.0,2015.0,0.0,2,1.0,,16.666666666666664,Low
Punjab,Malerkotla,Wheat,2022-23,2125.0,2125.0,2125.0,0.0,2,0.6666666666666666,,16.666666666666664,Low
Punjab,Malerkotla,Wheat,2023-24,2275.0,2275.0,2275.0,0.0,2,0.6666666666666666,,16.666666666666664,Low
Punjab,Malerkotla,Wheat,2024-25,2425.0,2425.0,2425.0,0.0,2,0.6666666666666666,,16.666666666666664,Low
Punjab,Mansa,Wheat,2021-22,2015.0,2015.0,2015.0,0.0,2,4.333333333333333,,16.666666666666664,Low
Punjab,Mansa,Wheat,2022-23,2125.0,2125.0,2125.0,0.0,2,4.666666666666667,,16.666666666666664,Low
Punjab,Mansa,Wheat,2023-24,2275.0,2275.0,2275.0,0.0,2,6.0,,16.666666666666664,Low
Punjab,Mansa,Wheat,2024-25,2425.0,2425.0,2425.0,0.0,2,5.333333333333333,,16.666666666666664,Low
Punjab,Moga,Wheat,2021-22,2017.5,2015.0,2020.0,3.5355339059327378,2,1.3333333333333333,,16.666666666666664,Low
Punjab,Moga,Wheat,2022-23,2125.0,2125.0,2125.0,0.0,2,2.6666666666666665,,16.666666666666664,Low
Punjab,Moga,Wheat,2023-24,2275.5,2275.5,2275.5,0.0,2,1.3333333333333333,,16.666666666666664,Low
Punjab,Moga,Wheat,2024-25,2430.0,2430.0,2430.0,0.0,2,0.6666666666666666,,16.666666666666664,Low
Punjab,Patiala,Wheat,2021-22,2015.0,2015.0,2015.0,0.0,2,4.666666666666667,,16.666666666666664,Low
Punjab,Patiala,Wheat,2022-23,2125.0,2125.0,2125.0,0.0,2,4.333333333333333,,16.666666666666664,Low
Punjab,Patiala,Wheat,2023-24,2275.0,2275.0,2275.0,0.0,2,5.333333333333333,,16.666666666666664,Low
Punjab,Patiala,Wheat,2024-25,2421.3766666666666,2414.01,2425.12,6.380002612329539,3,1.8,,25.0,Low
Punjab,Rupnagar,Wheat,2021-22,,,,,0,0.0,,0.0,Low
Punjab,Rupnagar,Wheat,2023-24,2275.0,2275.0,2275.0,0.0,2,0.6666666666666666,,16.666666666666664,Low
Punjab,Rupnagar,Wheat,2024-25,2425.0,2425.0,2425.0,0.0,2,0.6666666666666666,,16.666666666666664,Low
Punjab,S.A.S Nagar,Wheat,2021-22,2015.0,2015.0,2015.0,,1,0.5,,8.333333333333332,Low
Punjab,S.A.S Nagar,Wheat,2022-23,2324.2400000000002,2125.0,2722.67,345.0505025354985,3,0.75,,25.0,Low
Punjab,S.A.S Nagar,Wheat,2023-24,2376.2166666666667,2275.0,2578.57,175.24313177221336,3,1.5,,25.0,Low
Punjab,S.A.S Nagar,Wheat,2024-25,2732.628571428572,2425.0,3050.0,286.71472119097587,7,1.1428571428571428,10.492268293933789,58.333333333333336,Moderate
Punjab,Sangrur,Wheat,2021-22,2015.0,2015.0,2015.0,0.0,2,1.6666666666666667,,16.666666666666664,Low
Punjab,Sangrur,Wheat,2022-23,2125.295,2125.17,2125.42,0.1767766952966369,2,1.0,,16.666666666666664,Low
Punjab,Sangrur,Wheat,2023-24,2275.025,2275.0,2275.05,0.035355339059455995,2,2.3333333333333335,,16.666666666666664,Low
Punjab,Sangrur,Wheat,2024-25,2425.19,2425.0,2425.38,0.2687005768509652,2,2.0,,16.666666666666664,Low
Punjab,Shahid Bhagat Singh Nagar,Wheat,2021-22,2006.318,1948.04,2028.55,33.12989012960949,5,1.8,,41.66666666666667,Low
Punjab,Shahid Bhagat Singh Nagar,Wheat,2022-23,2098.4449999999997,2066.89,2130.0,44.62550896068326,2,0.4,,16.666666666666664,Low
Punjab,Shahid Bhagat Singh Nagar,Wheat,2023-24,2276.6666666666665,2275.0,2280.0,2.8867513459481944,3,3.0,,25.0,Low
Punjab,Shahid Bhagat Singh Nagar,Wheat,2024-25,2556.07875,2307.46,2991.26,233.60207242460734,8,1.2,9.139079632214278,66.66666666666666,Moderate
Punjab,Sri Muktsar Sahib,Wheat,2021-22,2015.0,2015.0,2015.0,0.0,2,2.0,,16.666666666666664,Low
Punjab,Sri Muktsar Sahib,Wheat,2022-23,2125.0,2125.0,2125.0,0.0,2,2.3333333333333335,,16.666666666666664,Low
Punjab,Sri Muktsar Sahib,Wheat,2023-24,2275.0,2275.0,2275.0,0.0,2,2.6666666666666665,,16.666666666666664,Low
Punjab,Sri Muktsar Sahib,Wheat,2024-25,2425.0,2425.0,2425.0,0.0,2,3.3333333333333335,,16.666666666666664,Low
Punjab,Tarn Taran,Wheat,2021-22,2015.0,2015.0,2015.0,0.0,2,1.6666666666666667,,16.666666666666664,Low
Punjab,Tarn Taran,Wheat,2022-23,2125.0,2125.0,2125.0,0.0,2,3.3333333333333335,,16.666666666666664,Low
Punjab,Tarn Taran,Wheat,2023-24,2275.0,2275.0,2275.0,0.0,2,8.0,,16.666666666666664,Low
Punjab,Tarn Taran,Wheat,2024-25,2425.0,2425.0,2425.0,0.0,2,3.6666666666666665,,16.666666666666664,Low
