Market_Raw,District,Page,Match_Key
MAJITHA,Amritsar,86,majitha
MEHTA,Amritsar,86,mehta
RAYYA,Amritsar,86,rayya
BARNALA,Barnala,86,barnala
DHANAULA,Barnala,86,dhanaula
TAPPA,Barnala,86,tappa
BATHINDA,Bathinda,86,bathinda
BHAGTA BHAIKA,Bathinda,86,bhagta bhaika
BHUCHO,Bathinda,86,bhucho
GONIANA,Bathinda,86,goniana
MAUR,Bathinda,86,maur
RAMAN,Bathinda,86,raman
RAMPURA PHUL,Bathinda,86,rampura phul
SANGAT,Bathinda,86,sangat
TALWANDI SABO,Bathinda,86,talwandi sabo
NATHANA,Bathinda,86,nathana
JALALABAD,Fazilka,86,jalalabad
AMLOH,Fatehgarh Sahib,86,amloh
BASSI PATHANA,Fatehgarh Sahib,86,bassi pathana
CHANARTHAL,Fatehgarh Sahib,86,chanarthal
KHAMANO,Fatehgarh Sahib,87,khamano
SIRHIND,Fatehgarh Sahib,87,sirhind
FEROZEPUR CITY,Ferozepur,87,ferozepur city
GURU HARSAHAI,Ferozepur,87,guru harsahai
MALLANWALA,Ferozepur,87,mallanwala
MAMDOT,Ferozepur,87,mamdot
GURDASPUR,Gurdaspur,87,gurdaspur
DHARIWAL,Gurdaspur,87,dhariwal
KAHNUWAN,Gurdaspur,87,kahnuwan
KALANAUR,Gurdaspur,87,kalanaur
QADDIAN,Gurdaspur,87,qaddian
SRI HARGOBINDPUR,Gurdaspur,87,sri hargobindpur
DASUYA,Hoshiarpur,87,dasuya
GARHSHANKAR,Hoshiarpur,87,garhshankar
HOSHIARPUR,Hoshiarpur,87,hoshiarpur
MUKERIAN,Hoshiarpur,87,mukerian
TANDA URMAR,Hoshiarpur,87,tanda urmar
ADAMPUR,Jalandhar,87,adampur
BHOGPUR,Jalandhar,87,bhogpur
JALANDHAR CANTT,Jalandhar,87,jalandhar cantt
JALANDHAR CITY,Jalandhar,88,jalandhar city
PHILLAUR,Jalandhar,88,phillaur
BHOLATH,Kapurthala,88,bholath
PHAGWARA,Kapurthala,88,phagwara
SULTANPUR LODHI,Kapurthala,88,sultanpur lodhi
DORAHA,Ludhiana,88,doraha
MACHHIWARA,Ludhiana,88,machhiwara
MALOUD,Ludhiana,88,maloud
SAHNEWAL,Ludhiana,88,sahnewal
LUDHIANA,Ludhiana,88,ludhiana
AJITWAL,Moga,88,ajitwal
BADHANI KALAN,Moga,88,badhani kalan
MOGA,Moga,88,moga
KHARAR,S.A.S Nagar,88,kharar
KURALI,S.A.S Nagar,88,kurali
BARIWALA,Sri Muktsar Sahib,88,bariwala
BHADSON,Patiala,88,bhadson
GHANAUR,Patiala,88,ghanaur
NABHA,Patiala,88,nabha
PATTRAN,Patiala,89,pattran
RAJPURA,Patiala,89,rajpura
NAROT JAIMAL SINGH,Pathankot,89,narot jaimal singh
SRI. ANANDPUR SAHIB,Rupnagar,89,sri  anandpur sahib
SRI. CHAMKAUR SAHIB,Rupnagar,89,sri  chamkaur sahib
MORINDA,Rupnagar,89,morinda
ROPAR,Rupnagar,89,ropar
AHMEDGARH,Sangrur,89,ahmedgarh
BHAWANIGARH,Sangrur,89,bhawanigarh
LEHRAGAGA,Sangrur,89,lehragaga
MALERKOTLA,Sangrur,89,malerkotla
SANGRUR,Sangrur,89,sangrur
SULARGHARAT,Sangrur,89,sulargharat
CHEEMA,Sangrur,89,cheema
SUNAM,Sangrur,89,sunam
SANDOUR,Sangrur,89,sandour
DIRBA,Sangrur,89,dirba
KHADOOR SAHIB,Tarn Taran,90,khadoor sahib
KHEMKARAN,Tarn Taran,90,khemkaran
PATTI,Tarn Taran,90,patti
HARIKE,Tarn Taran,90,harike
