Market,Market_Key,Second_Pass_Found,Successful_Query,Candidate_District,Candidate_Place,Full_Address,Latitude,Longitude
Ahemadpur APMC,ahemadpur,False,,,,,,
Ajitwal (Chogawan) APMC,ajitwal (chogawan),False,,,,,,
Ajitwal (Dala) APMC,ajitwal (dala),False,,,,,,
Amloh(Gobind Garh Mandi) APMC,amloh(gobind garh mandi),False,,,,,,
Badhni Kallan (Bilaspur) APMC,badhni kallan (bilaspur),False,,,,,,
Banga (Kataria) APMC,banga (kataria),False,,,,,,
Banur (Kheragaju) APMC,banur (kheragaju),False,,,,,,
Bhadaur(Sehna) APMC,bhadaur(sehna),False,,,,,,
Bhikhiwind (Algo) APMC,bhikhiwind (algo),False,,,,,,
Bhikhiwind (Basarke) APMC,bhikhiwind (basarke),False,,,,,,
Bhikhiwind (Marrimegha) APMC,bhikhiwind (marrimegha),False,,,,,,
Bhikhiwind (Sursingh) APMC,bhikhiwind (sursingh),False,,,,,,
Bhikhiwind(Khalra) APMC,bhikhiwind(khalra),False,,,,,,
Bhulath (Ibrahimaaaaval) APMC,bhulath (ibrahimaaaaval),False,,,,,,
Bhulath (Nadala) APMC,bhulath (nadala),False,,,,,,
Bilga (Talwan ) APMC,bilga (talwan ),False,,,,,,
Budalada APMC,budalada,False,,,,,,
Budhlada (Phaphre Bhaike) APMC,budhlada (phaphre bhaike),False,,,,,,
Dhanula (Kaleke) APMC,dhanula (kaleke),False,,,,,,
Dudhansadhan APMC,dudhansadhan,False,,,,,,
Faridkot (Machakikalan) APMC,faridkot (machakikalan),False,,,,,,
Firozepur City APMC,firozepur city,False,,,,,,
Garh Shankar(Mahalpur) APMC,garh shankar(mahalpur),False,,,,,,
Garhshankar(Saila Khurd) APMC,garhshankar(saila khurd),False,,,,,,
Gehri(Jandiala mandi) APMC,gehri(jandiala mandi),False,,,,,,
Jaitu(Bajakhana) APMC,jaitu(bajakhana),False,,,,,,
Jalandhar Cantt (Jamshedpur Dana Mandi) APMC,jalandhar cantt (jamshedpur dana mandi),False,,,,,,
Jalandhar City(Faintan Ganj) APMC,jalandhar city(faintan ganj),False,,,,,,
Jalandhar City(Kartar Pur Dana mandi) APMC,jalandhar city(kartar pur dana mandi),False,,,,,,
Kankwal Chahlan APMC,kankwal chahlan,False,,,,,,
Khemkaran (Amarkot) APMC,khemkaran (amarkot),False,,,,,,
Ludhiana(Salem Tabri) APMC,ludhiana(salem tabri),False,,,,,,
Malaoud (Siar) APMC,malaoud (siar),False,,,,,,
Mallanwala (KhosaDalSinghwala) APMC,mallanwala (khosadalsinghwala),False,,,,,,
Malout (Kilianwali) APMC,malout (kilianwali),False,,,,,,
Malout (Panniwala) APMC,malout (panniwala),False,,,,,,
Mansa (Khiala kalan) APMC,mansa (khiala kalan),False,,,,,,
Mansa(Ubha Buraj Dhilwan) APMC,mansa(ubha buraj dhilwan),False,,,,,,
Mehal Kallan (ChananWal) APMC,mehal kallan (chananwal),False,,,,,,
Mullanpur Dakha (Sawadi) APMC,mullanpur dakha (sawadi),False,,,,,,
Nakodar(Sarih) APMC,nakodar(sarih),False,,,,,,
Naushera Pannua (Dhotian) APMC,naushera pannua (dhotian),False,,,,,,
Nawan Shahar(Mandi Jadla) APMC,nawan shahar(mandi jadla),False,,,,,,
Nawan Shahar(MandiRaho) APMC,nawan shahar(mandiraho),False,,,,,,
Nawanshahar APMC,nawanshahar,False,,,,,,
Noor Mehal(Kot Badal Khan) APMC,noor mehal(kot badal khan),False,,,,,,
Nurpurbet APMC,nurpurbet,False,,,,,,
Patiala(Anaj Mandi Sanaur Road) APMC,patiala(anaj mandi sanaur road),False,,,,,,
Patiala(New Anaj Mandi) APMC,patiala(new anaj mandi),False,,,,,,
Patran(Ghagga Mandi) APMC,patran(ghagga mandi),False,,,,,,
Phillaur(Apra Mandi) APMC,phillaur(apra mandi),False,,,,,,
Rampuraphul(Bhai Rupan) APMC,rampuraphul(bhai rupan),False,,,,,,
Rampuraphul(Chowke) APMC,rampuraphul(chowke),False,,,,,,
Rampuraphul(Dhapali) APMC,rampuraphul(dhapali),False,,,,,,
Rampuraphul(Mehraj) APMC,rampuraphul(mehraj),False,,,,,,
Rayya(Sathiala) APMC,rayya(sathiala),False,,,,,,
Samana(Gajewas) APMC,samana(gajewas),False,,,,,,
Sandaur APMC,sandaur,False,,,,,,
Shakot (Malsian) APMC,shakot (malsian),False,,,,,,
Sidhwan Bet (Lodhiwala) APMC,sidhwan bet (lodhiwala),False,,,,,,
Sri Har Gobindpur APMC,sri har gobindpur,False,,,,,,
Sulargharat APMC,sulargharat,False,,,,,,
Sultanpur Lodhi (Tibba) APMC,sultanpur lodhi (tibba),False,,,,,,
Talwandi Bhai(Mudki) APMC,talwandi bhai(mudki),False,,,,,,
kum Kalan APMC,kum kalan,False,,,,,,
lakhowal APMC,lakhowal,False,,,,,,
