State,District,Year,Rainfall_mm,Rainfall_Days_Available
Haryana,Ambala,2021,1232.77,365
Haryana,Ambala,2022,1454.02,365
Haryana,Ambala,2023,1589.34,365
Haryana,Ambala,2024,1180.09,366
Haryana,Bhiwani,2021,765.76,365
Haryana,Bhiwani,2022,585.96,365
Haryana,Bhiwani,2023,594.96,365
Haryana,Bhiwani,2024,683.5699999999999,366
Haryana,Charkhi Dadri,2021,964.91,365
Haryana,Charkhi Dadri,2022,721.81,365
Haryana,Charkhi Dadri,2023,645.45,365
Haryana,Charkhi Dadri,2024,716.99,366
Haryana,Faridabad,2021,1045.35,365
Haryana,Faridabad,2022,791.64,365
Haryana,Faridabad,2023,895.14,365
Haryana,Faridabad,2024,828.14,366
Haryana,Fatehabad,2021,668.65,365
Haryana,Fatehabad,2022,727.83,365
Haryana,Fatehabad,2023,657.16,365
Haryana,Fatehabad,2024,541.38,366
Haryana,Gurugram,2021,1094.75,365
Haryana,Gurugram,2022,796.8000000000001,365
Haryana,Gurugram,2023,783.8,365
Haryana,Gurugram,2024,810.47,366
Haryana,Hisar,2021,727.24,365
Haryana,Hisar,2022,648.63,365
Haryana,Hisar,2023,582.86,365
Haryana,Hisar,2024,587.3199999999999,366
Haryana,Jhajjar,2021,1094.75,365
Haryana,Jhajjar,2022,796.8000000000001,365
Haryana,Jhajjar,2023,783.8,365
Haryana,Jhajjar,2024,810.47,366
Haryana,Jind,2021,924.16,365
Haryana,Jind,2022,1000.12,365
Haryana,Jind,2023,770.8,365
Haryana,Jind,2024,631.23,366
Haryana,Kaithal,2021,865.01,365
Haryana,Kaithal,2022,1059.27,365
Haryana,Kaithal,2023,1017.91,365
Haryana,Kaithal,2024,709.86,366
Haryana,Karnal,2021,1162.72,365
Haryana,Karnal,2022,1148.36,365
Haryana,Karnal,2023,971.45,365
Haryana,Karnal,2024,850.1,366
Haryana,Kurukshetra,2021,1236.22,365
Haryana,Kurukshetra,2022,1344.64,365
Haryana,Kurukshetra,2023,1310.41,365
Haryana,Kurukshetra,2024,1038.07,366
Haryana,Mahendragarh,2021,910.21,365
Haryana,Mahendragarh,2022,675.43,365
Haryana,Mahendragarh,2023,618.24,365
Haryana,Mahendragarh,2024,798.86,366
Haryana,Nuh,2021,980.02,365
Haryana,Nuh,2022,730.28,365
Haryana,Nuh,2023,711.25,365
Haryana,Nuh,2024,818.2,366
Haryana,Palwal,2021,940.28,365
Haryana,Palwal,2022,767.74,365
Haryana,Palwal,2023,824.6899999999999,365
Haryana,Palwal,2024,810.98,366
Haryana,Panchkula,2021,1232.77,365
Haryana,Panchkula,2022,1454.02,365
Haryana,Panchkula,2023,1589.34,365
Haryana,Panchkula,2024,1180.09,366
Haryana,Panipat,2021,1162.72,365
Haryana,Panipat,2022,1148.36,365
Haryana,Panipat,2023,971.45,365
Haryana,Panipat,2024,850.1,366
Haryana,Rewari,2021,980.02,365
Haryana,Rewari,2022,730.28,365
Haryana,Rewari,2023,711.25,365
Haryana,Rewari,2024,818.2,366
Haryana,Rohtak,2021,1142.16,365
Haryana,Rohtak,2022,948.26,365
Haryana,Rohtak,2023,834.38,365
Haryana,Rohtak,2024,808.14,366
Haryana,Sirsa,2021,515.88,365
Haryana,Sirsa,2022,633.08,365
Haryana,Sirsa,2023,605.03,365
Haryana,Sirsa,2024,503.63,366
Haryana,Sonipat,2021,1142.16,365
Haryana,Sonipat,2022,948.26,365
Haryana,Sonipat,2023,834.38,365
Haryana,Sonipat,2024,808.14,366
Haryana,Yamunanagar,2021,1466.09,365
Haryana,Yamunanagar,2022,1429.2,365
Haryana,Yamunanagar,2023,1534.21,365
Haryana,Yamunanagar,2024,1286.13,366
Punjab,Amritsar,2021,1109.94,365
Punjab,Amritsar,2022,1248.3,365
Punjab,Amritsar,2023,1476.44,365
Punjab,Amritsar,2024,1102.62,366
Punjab,Barnala,2021,678.23,365
Punjab,Barnala,2022,899.07,365
Punjab,Barnala,2023,1163.45,365
Punjab,Barnala,2024,637.47,366
Punjab,Bathinda,2021,521.04,365
Punjab,Bathinda,2022,725.33,365
Punjab,Bathinda,2023,774.4399999999999,365
Punjab,Bathinda,2024,534.4,366
Punjab,Faridkot,2021,585.12,365
Punjab,Faridkot,2022,781.6800000000001,365
Punjab,Faridkot,2023,1006.88,365
Punjab,Faridkot,2024,594.27,366
Punjab,Fatehgarh Sahib,2021,859.48,365
Punjab,Fatehgarh Sahib,2022,1156.4,365
Punjab,Fatehgarh Sahib,2023,1319.83,365
Punjab,Fatehgarh Sahib,2024,837.59,366
Punjab,Fazilka,2021,475.74,365
Punjab,Fazilka,2022,728.77,365
Punjab,Fazilka,2023,816.62,365
Punjab,Fazilka,2024,573.67,366
Punjab,Ferozepur,2021,803.37,365
Punjab,Ferozepur,2022,1000.05,365
Punjab,Ferozepur,2023,1397.2,365
Punjab,Ferozepur,2024,763.78,366
Punjab,Gurdaspur,2021,1109.94,365
Punjab,Gurdaspur,2022,1248.3,365
Punjab,Gurdaspur,2023,1476.44,365
Punjab,Gurdaspur,2024,1102.62,366
Punjab,Hoshiarpur,2021,1047.77,365
Punjab,Hoshiarpur,2022,1249.36,365
Punjab,Hoshiarpur,2023,1563.22,365
Punjab,Hoshiarpur,2024,1018.97,366
Punjab,Jalandhar,2021,1047.77,365
Punjab,Jalandhar,2022,1249.36,365
Punjab,Jalandhar,2023,1563.22,365
Punjab,Jalandhar,2024,1018.97,366
Punjab,Kapurthala,2021,888.23,365
Punjab,Kapurthala,2022,967.57,365
Punjab,Kapurthala,2023,1356.8,365
Punjab,Kapurthala,2024,859.86,366
Punjab,Ludhiana,2021,803.37,365
Punjab,Ludhiana,2022,1000.05,365
Punjab,Ludhiana,2023,1397.2,365
Punjab,Ludhiana,2024,763.78,366
Punjab,Malerkotla,2021,678.23,365
Punjab,Malerkotla,2022,899.07,365
Punjab,Malerkotla,2023,1163.45,365
Punjab,Malerkotla,2024,637.47,366
Punjab,Mansa,2021,639.76,365
Punjab,Mansa,2022,810.31,365
Punjab,Mansa,2023,867.46,365
Punjab,Mansa,2024,565.97,366
Punjab,Moga,2021,706.84,365
Punjab,Moga,2022,825.8,365
Punjab,Moga,2023,1209.58,365
Punjab,Moga,2024,688.91,366
Punjab,Pathankot,2021,1421.34,365
Punjab,Pathankot,2022,1710.06,365
Punjab,Pathankot,2023,1688.91,365
Punjab,Pathankot,2024,1480.29,366
Punjab,Patiala,2021,865.01,365
Punjab,Patiala,2022,1059.27,365
Punjab,Patiala,2023,1017.91,365
Punjab,Patiala,2024,709.86,366
Punjab,Rupnagar,2021,968.97,365
Punjab,Rupnagar,2022,1274.41,365
Punjab,Rupnagar,2023,1542.8799999999999,365
Punjab,Rupnagar,2024,981.62,366
Punjab,S.A.S Nagar,2021,1232.77,365
Punjab,S.A.S Nagar,2022,1454.02,365
Punjab,S.A.S Nagar,2023,1589.34,365
Punjab,S.A.S Nagar,2024,1180.09,366
Punjab,Sangrur,2021,639.76,365
Punjab,Sangrur,2022,810.31,365
Punjab,Sangrur,2023,867.46,365
Punjab,Sangrur,2024,565.97,366
Punjab,Shahid Bhagat Singh Nagar,2021,968.97,365
Punjab,Shahid Bhagat Singh Nagar,2022,1274.41,365
Punjab,Shahid Bhagat Singh Nagar,2023,1542.8799999999999,365
Punjab,Shahid Bhagat Singh Nagar,2024,981.62,366
Punjab,Sri Muktsar Sahib,2021,475.74,365
Punjab,Sri Muktsar Sahib,2022,728.77,365
Punjab,Sri Muktsar Sahib,2023,816.62,365
Punjab,Sri Muktsar Sahib,2024,573.67,366
Punjab,Tarn Taran,2021,888.23,365
Punjab,Tarn Taran,2022,967.57,365
Punjab,Tarn Taran,2023,1356.8,365
Punjab,Tarn Taran,2024,859.86,366
Uttar Pradesh,Agra,2021,852.21,365
Uttar Pradesh,Agra,2022,775.58,365
Uttar Pradesh,Agra,2023,687.78,365
Uttar Pradesh,Agra,2024,1016.9,366
Uttar Pradesh,Aligarh,2021,971.42,365
Uttar Pradesh,Aligarh,2022,749.94,365
Uttar Pradesh,Aligarh,2023,782.89,365
Uttar Pradesh,Aligarh,2024,817.63,366
Uttar Pradesh,Ambedkar Nagar,2021,1293.21,365
Uttar Pradesh,Ambedkar Nagar,2022,974.86,365
Uttar Pradesh,Ambedkar Nagar,2023,898.83,365
Uttar Pradesh,Ambedkar Nagar,2024,978.29,366
Uttar Pradesh,Amethi,2021,1429.44,365
Uttar Pradesh,Amethi,2022,977.49,365
Uttar Pradesh,Amethi,2023,897.22,365
Uttar Pradesh,Amethi,2024,985.89,366
Uttar Pradesh,Amroha,2021,1153.86,365
Uttar Pradesh,Amroha,2022,924.48,365
Uttar Pradesh,Amroha,2023,934.44,365
Uttar Pradesh,Amroha,2024,877.29,366
Uttar Pradesh,Auraiya,2021,885.86,365
Uttar Pradesh,Auraiya,2022,950.33,365
Uttar Pradesh,Auraiya,2023,735.4,365
Uttar Pradesh,Auraiya,2024,930.87,366
Uttar Pradesh,Ayodhya,2021,1429.44,365
Uttar Pradesh,Ayodhya,2022,977.49,365
Uttar Pradesh,Ayodhya,2023,897.22,365
Uttar Pradesh,Ayodhya,2024,985.89,366
Uttar Pradesh,Azamgarh,2021,1269.2,365
Uttar Pradesh,Azamgarh,2022,886.4,365
Uttar Pradesh,Azamgarh,2023,802.0600000000001,365
Uttar Pradesh,Azamgarh,2024,910.36,366
Uttar Pradesh,Baghpat,2021,1124.21,365
Uttar Pradesh,Baghpat,2022,857.4,365
Uttar Pradesh,Baghpat,2023,1007.27,365
Uttar Pradesh,Baghpat,2024,927.64,366
Uttar Pradesh,Bahraich,2021,1495.73,365
Uttar Pradesh,Bahraich,2022,1157.72,365
Uttar Pradesh,Bahraich,2023,1034.13,365
Uttar Pradesh,Bahraich,2024,1180.43,366
Uttar Pradesh,Ballia,2021,1317.04,365
Uttar Pradesh,Ballia,2022,754.01,365
Uttar Pradesh,Ballia,2023,685.71,365
Uttar Pradesh,Ballia,2024,796.71,366
Uttar Pradesh,Balrampur,2021,1727.17,365
Uttar Pradesh,Balrampur,2022,1183.74,365
Uttar Pradesh,Balrampur,2023,1100.68,365
Uttar Pradesh,Balrampur,2024,1325.12,366
Uttar Pradesh,Banda,2021,965.37,365
Uttar Pradesh,Banda,2022,916.89,365
Uttar Pradesh,Banda,2023,859.8100000000001,365
Uttar Pradesh,Banda,2024,773.41,366
Uttar Pradesh,Bara Banki,2021,1346.25,365
Uttar Pradesh,Bara Banki,2022,1071.97,365
Uttar Pradesh,Bara Banki,2023,953.08,365
Uttar Pradesh,Bara Banki,2024,1163.97,366
Uttar Pradesh,Bareilly,2021,1218.28,365
Uttar Pradesh,Bareilly,2022,902.82,365
Uttar Pradesh,Bareilly,2023,1061.8,365
Uttar Pradesh,Bareilly,2024,1072.45,366
Uttar Pradesh,Basti,2021,1514.49,365
Uttar Pradesh,Basti,2022,1069.36,365
Uttar Pradesh,Basti,2023,988.34,365
Uttar Pradesh,Basti,2024,1293.25,366
Uttar Pradesh,Bhadohi,2021,1001.42,365
Uttar Pradesh,Bhadohi,2022,876.37,365
Uttar Pradesh,Bhadohi,2023,808.39,365
Uttar Pradesh,Bhadohi,2024,846.37,366
Uttar Pradesh,Bijnor,2021,1298.38,365
Uttar Pradesh,Bijnor,2022,1072.12,365
Uttar Pradesh,Bijnor,2023,1293.64,365
Uttar Pradesh,Bijnor,2024,1146.03,366
Uttar Pradesh,Budaun,2021,966.16,365
Uttar Pradesh,Budaun,2022,781.09,365
Uttar Pradesh,Budaun,2023,854.32,365
Uttar Pradesh,Budaun,2024,854.98,366
Uttar Pradesh,Bulandshahr,2021,1101.64,365
Uttar Pradesh,Bulandshahr,2022,810.64,365
Uttar Pradesh,Bulandshahr,2023,865.59,365
Uttar Pradesh,Bulandshahr,2024,836.47,366
Uttar Pradesh,Chandauli,2021,1064.2,365
Uttar Pradesh,Chandauli,2022,856.91,365
Uttar Pradesh,Chandauli,2023,788.61,365
Uttar Pradesh,Chandauli,2024,968.1,366
Uttar Pradesh,Chitrakoot,2021,987.53,365
Uttar Pradesh,Chitrakoot,2022,919.46,365
Uttar Pradesh,Chitrakoot,2023,832.4399999999999,365
Uttar Pradesh,Chitrakoot,2024,1014.17,366
Uttar Pradesh,Deoria,2021,1677.42,365
Uttar Pradesh,Deoria,2022,979.8,365
Uttar Pradesh,Deoria,2023,866.68,365
Uttar Pradesh,Deoria,2024,1010.87,366
Uttar Pradesh,Etah,2021,837.47,365
Uttar Pradesh,Etah,2022,775.38,365
Uttar Pradesh,Etah,2023,765.9,365
Uttar Pradesh,Etah,2024,878.86,366
Uttar Pradesh,Etawah,2021,885.86,365
Uttar Pradesh,Etawah,2022,950.33,365
Uttar Pradesh,Etawah,2023,735.4,365
Uttar Pradesh,Etawah,2024,930.87,366
Uttar Pradesh,Farrukhabad,2021,840.22,365
Uttar Pradesh,Farrukhabad,2022,865.68,365
Uttar Pradesh,Farrukhabad,2023,782.1999999999999,365
Uttar Pradesh,Farrukhabad,2024,887.46,366
Uttar Pradesh,Fatehpur,2021,1007.78,365
Uttar Pradesh,Fatehpur,2022,945.98,365
Uttar Pradesh,Fatehpur,2023,854.68,365
Uttar Pradesh,Fatehpur,2024,678.63,366
Uttar Pradesh,Firozabad,2021,809.54,365
Uttar Pradesh,Firozabad,2022,824.64,365
Uttar Pradesh,Firozabad,2023,730.08,365
Uttar Pradesh,Firozabad,2024,989.29,366
Uttar Pradesh,Gautam Buddha Nagar,2021,1045.35,365
Uttar Pradesh,Gautam Buddha Nagar,2022,791.64,365
Uttar Pradesh,Gautam Buddha Nagar,2023,895.14,365
Uttar Pradesh,Gautam Buddha Nagar,2024,828.14,366
Uttar Pradesh,Ghaziabad,2021,1124.21,365
Uttar Pradesh,Ghaziabad,2022,857.4,365
Uttar Pradesh,Ghaziabad,2023,1007.27,365
Uttar Pradesh,Ghaziabad,2024,927.64,366
Uttar Pradesh,Ghazipur,2021,1147.52,365
Uttar Pradesh,Ghazipur,2022,731.51,365
Uttar Pradesh,Ghazipur,2023,677.39,365
Uttar Pradesh,Ghazipur,2024,890.49,366
Uttar Pradesh,Gonda,2021,1737.46,365
Uttar Pradesh,Gonda,2022,1107.98,365
Uttar Pradesh,Gonda,2023,1039.27,365
Uttar Pradesh,Gonda,2024,1290.59,366
Uttar Pradesh,Gorakhpur,2021,1552.06,365
Uttar Pradesh,Gorakhpur,2022,982.42,365
Uttar Pradesh,Gorakhpur,2023,893.6,365
Uttar Pradesh,Gorakhpur,2024,1019.74,366
Uttar Pradesh,Hamirpur,2021,980.67,365
Uttar Pradesh,Hamirpur,2022,962.99,365
Uttar Pradesh,Hamirpur,2023,790.98,365
Uttar Pradesh,Hamirpur,2024,802.48,366
Uttar Pradesh,Hapur,2021,1101.64,365
Uttar Pradesh,Hapur,2022,810.64,365
Uttar Pradesh,Hapur,2023,865.59,365
Uttar Pradesh,Hapur,2024,836.47,366
Uttar Pradesh,Hardoi,2021,878.85,365
Uttar Pradesh,Hardoi,2022,1050.11,365
Uttar Pradesh,Hardoi,2023,843.11,365
Uttar Pradesh,Hardoi,2024,908.71,366
Uttar Pradesh,Hathras,2021,872.91,365
Uttar Pradesh,Hathras,2022,738.38,365
Uttar Pradesh,Hathras,2023,705.5,365
Uttar Pradesh,Hathras,2024,884.86,366
Uttar Pradesh,Jalaun,2021,958.08,365
Uttar Pradesh,Jalaun,2022,959.08,365
Uttar Pradesh,Jalaun,2023,768.77,365
Uttar Pradesh,Jalaun,2024,961.44,366
Uttar Pradesh,Jaunpur,2021,1104.74,365
Uttar Pradesh,Jaunpur,2022,900.38,365
Uttar Pradesh,Jaunpur,2023,837.83,365
Uttar Pradesh,Jaunpur,2024,805.98,366
Uttar Pradesh,Jhansi,2021,861.17,365
Uttar Pradesh,Jhansi,2022,983.01,365
Uttar Pradesh,Jhansi,2023,892.72,365
Uttar Pradesh,Jhansi,2024,1070.03,366
Uttar Pradesh,Kannauj,2021,851.82,365
Uttar Pradesh,Kannauj,2022,1077.51,365
Uttar Pradesh,Kannauj,2023,795.93,365
Uttar Pradesh,Kannauj,2024,846.52,366
Uttar Pradesh,Kanpur Dehat,2021,948.66,365
Uttar Pradesh,Kanpur Dehat,2022,1020.84,365
Uttar Pradesh,Kanpur Dehat,2023,787.01,365
Uttar Pradesh,Kanpur Dehat,2024,808.26,366
Uttar Pradesh,Kanpur Nagar,2021,948.66,365
Uttar Pradesh,Kanpur Nagar,2022,1020.84,365
Uttar Pradesh,Kanpur Nagar,2023,787.01,365
Uttar Pradesh,Kanpur Nagar,2024,808.26,366
Uttar Pradesh,Kasganj,2021,966.16,365
Uttar Pradesh,Kasganj,2022,781.09,365
Uttar Pradesh,Kasganj,2023,854.32,365
Uttar Pradesh,Kasganj,2024,854.98,366
Uttar Pradesh,Kaushambi,2021,977.39,365
Uttar Pradesh,Kaushambi,2022,882.04,365
Uttar Pradesh,Kaushambi,2023,824.13,365
Uttar Pradesh,Kaushambi,2024,800.8199999999999,366
Uttar Pradesh,Kheri,2021,1322.06,365
Uttar Pradesh,Kheri,2022,1202.03,365
Uttar Pradesh,Kheri,2023,1069.02,365
Uttar Pradesh,Kheri,2024,1024.69,366
Uttar Pradesh,Kushinagar,2021,2193.68,365
Uttar Pradesh,Kushinagar,2022,1268.46,365
Uttar Pradesh,Kushinagar,2023,1154.73,365
Uttar Pradesh,Kushinagar,2024,1357.3,366
Uttar Pradesh,Lalitpur,2021,943.1,365
Uttar Pradesh,Lalitpur,2022,1313.64,365
Uttar Pradesh,Lalitpur,2023,944.5,365
Uttar Pradesh,Lalitpur,2024,1268.34,366
Uttar Pradesh,Lucknow,2021,1047.85,365
Uttar Pradesh,Lucknow,2022,1104.71,365
Uttar Pradesh,Lucknow,2023,876.75,365
Uttar Pradesh,Lucknow,2024,919.48,366
Uttar Pradesh,Mahoba,2021,958.07,365
Uttar Pradesh,Mahoba,2022,961.15,365
Uttar Pradesh,Mahoba,2023,843.45,365
Uttar Pradesh,Mahoba,2024,879.41,366
Uttar Pradesh,Mahrajganj,2021,2193.68,365
Uttar Pradesh,Mahrajganj,2022,1268.46,365
Uttar Pradesh,Mahrajganj,2023,1154.73,365
Uttar Pradesh,Mahrajganj,2024,1357.3,366
Uttar Pradesh,Mainpuri,2021,799.17,365
Uttar Pradesh,Mainpuri,2022,930.03,365
Uttar Pradesh,Mainpuri,2023,735.88,365
Uttar Pradesh,Mainpuri,2024,890.06,366
Uttar Pradesh,Mathura,2021,844.26,365
Uttar Pradesh,Mathura,2022,755.29,365
Uttar Pradesh,Mathura,2023,756.47,365
Uttar Pradesh,Mathura,2024,886.06,366
Uttar Pradesh,Mau,2021,1320.8,365
Uttar Pradesh,Mau,2022,813.5,365
Uttar Pradesh,Mau,2023,715.82,365
Uttar Pradesh,Mau,2024,893.27,366
Uttar Pradesh,Meerut,2021,1124.21,365
Uttar Pradesh,Meerut,2022,857.4,365
Uttar Pradesh,Meerut,2023,1007.27,365
Uttar Pradesh,Meerut,2024,927.64,366
Uttar Pradesh,Mirzapur,2021,983.49,365
Uttar Pradesh,Mirzapur,2022,906.53,365
Uttar Pradesh,Mirzapur,2023,812.74,365
Uttar Pradesh,Mirzapur,2024,1011.81,366
Uttar Pradesh,Moradabad,2021,1161.95,365
Uttar Pradesh,Moradabad,2022,890.72,365
Uttar Pradesh,Moradabad,2023,1093.56,365
Uttar Pradesh,Moradabad,2024,1009.17,366
Uttar Pradesh,Muzaffarnagar,2021,1253.4,365
Uttar Pradesh,Muzaffarnagar,2022,1064.47,365
Uttar Pradesh,Muzaffarnagar,2023,1232.28,365
Uttar Pradesh,Muzaffarnagar,2024,1093.04,366
Uttar Pradesh,Pilibhit,2021,1386.03,365
Uttar Pradesh,Pilibhit,2022,1094.06,365
Uttar Pradesh,Pilibhit,2023,1148.26,365
Uttar Pradesh,Pilibhit,2024,1146.0,366
Uttar Pradesh,Pratapgarh,2021,1192.51,365
Uttar Pradesh,Pratapgarh,2022,897.29,365
Uttar Pradesh,Pratapgarh,2023,824.17,365
Uttar Pradesh,Pratapgarh,2024,863.53,366
Uttar Pradesh,Prayagraj,2021,1068.58,365
Uttar Pradesh,Prayagraj,2022,876.22,365
Uttar Pradesh,Prayagraj,2023,807.04,365
Uttar Pradesh,Prayagraj,2024,908.33,366
Uttar Pradesh,Rae Bareli,2021,1195.9,365
Uttar Pradesh,Rae Bareli,2022,984.67,365
Uttar Pradesh,Rae Bareli,2023,893.22,365
Uttar Pradesh,Rae Bareli,2024,882.6899999999999,366
Uttar Pradesh,Rampur,2021,1356.27,365
Uttar Pradesh,Rampur,2022,1045.96,365
Uttar Pradesh,Rampur,2023,1211.57,365
Uttar Pradesh,Rampur,2024,1170.41,366
Uttar Pradesh,Saharanpur,2021,1466.09,365
Uttar Pradesh,Saharanpur,2022,1429.2,365
Uttar Pradesh,Saharanpur,2023,1534.21,365
Uttar Pradesh,Saharanpur,2024,1286.13,366
Uttar Pradesh,Sambhal,2021,1078.34,365
Uttar Pradesh,Sambhal,2022,810.86,365
Uttar Pradesh,Sambhal,2023,953.97,365
Uttar Pradesh,Sambhal,2024,902.27,366
Uttar Pradesh,Sant Kabir Nagar,2021,1938.02,365
Uttar Pradesh,Sant Kabir Nagar,2022,1148.68,365
Uttar Pradesh,Sant Kabir Nagar,2023,1079.09,365
Uttar Pradesh,Sant Kabir Nagar,2024,1308.87,366
Uttar Pradesh,Shahjahanpur,2021,1122.35,365
Uttar Pradesh,Shahjahanpur,2022,1005.78,365
Uttar Pradesh,Shahjahanpur,2023,975.84,365
Uttar Pradesh,Shahjahanpur,2024,1011.3,366
Uttar Pradesh,Shamli,2021,1253.4,365
Uttar Pradesh,Shamli,2022,1064.47,365
Uttar Pradesh,Shamli,2023,1232.28,365
Uttar Pradesh,Shamli,2024,1093.04,366
Uttar Pradesh,Shrawasti,2021,2020.49,365
Uttar Pradesh,Shrawasti,2022,1290.7,365
Uttar Pradesh,Shrawasti,2023,1211.82,365
Uttar Pradesh,Shrawasti,2024,1437.91,366
Uttar Pradesh,Siddharthnagar,2021,2305.27,365
Uttar Pradesh,Siddharthnagar,2022,1395.1299999999999,365
Uttar Pradesh,Siddharthnagar,2023,1314.22,365
Uttar Pradesh,Siddharthnagar,2024,1542.44,366
Uttar Pradesh,Sitapur,2021,1106.72,365
Uttar Pradesh,Sitapur,2022,1143.15,365
Uttar Pradesh,Sitapur,2023,928.29,365
Uttar Pradesh,Sitapur,2024,953.36,366
Uttar Pradesh,Sonbhadra,2021,1070.31,365
Uttar Pradesh,Sonbhadra,2022,868.98,365
Uttar Pradesh,Sonbhadra,2023,826.77,365
Uttar Pradesh,Sonbhadra,2024,1059.52,366
Uttar Pradesh,Sultanpur,2021,1293.21,365
Uttar Pradesh,Sultanpur,2022,974.86,365
Uttar Pradesh,Sultanpur,2023,898.83,365
Uttar Pradesh,Sultanpur,2024,978.29,366
Uttar Pradesh,Unnao,2021,1049.54,365
Uttar Pradesh,Unnao,2022,1022.08,365
Uttar Pradesh,Unnao,2023,862.78,365
Uttar Pradesh,Unnao,2024,773.61,366
Uttar Pradesh,Varanasi,2021,1114.41,365
Uttar Pradesh,Varanasi,2022,845.88,365
Uttar Pradesh,Varanasi,2023,778.13,365
Uttar Pradesh,Varanasi,2024,919.9399999999999,366
