Market,Market_Key,Price_Rows,First_Date,Last_Date
Gadaura APMC,gadaura,30,2021-01-01,2021-01-31
Khaga APMC,khaga,29,2021-01-01,2021-01-31
Dhanaura APMC,dhanaura,27,2021-01-01,2021-01-31
Firozabad APMC,firozabad,27,2021-01-01,2021-01-31
Etah APMC,etah,27,2021-01-01,2021-01-31
Haldaur APMC,haldaur,27,2021-01-01,2021-01-27
Mahoba APMC,mahoba,27,2021-01-01,2021-01-31
Maharajganj APMC,maharajganj,26,2021-01-01,2021-01-30
Karvi APMC,karvi,26,2021-01-01,2021-01-31
Bharuasumerpur APMC,bharuasumerpur,26,2021-01-01,2021-01-31
Ghaziabad APMC,ghaziabad,26,2021-01-01,2021-01-31
Banda APMC,banda,26,2021-01-01,2021-01-31
Muskara APMC,muskara,26,2021-01-01,2021-01-31
Mohamadabad APMC,mohamadabad,26,2021-01-01,2021-01-31
Bilsi APMC,bilsi,26,2021-01-01,2021-01-31
Chandoli APMC,chandoli,25,2021-01-01,2021-01-30
Etawah APMC,etawah,25,2021-01-01,2021-01-30
Achnera APMC,achnera,25,2021-01-01,2021-01-31
Barhaj APMC,barhaj,25,2021-01-01,2021-01-30
Tulsipur APMC,tulsipur,25,2021-01-02,2021-01-31
Balrampur APMC,balrampur,25,2021-01-02,2021-01-30
Saharanpur APMC,saharanpur,25,2021-01-01,2021-01-30
Gazipur APMC,gazipur,25,2021-01-01,2021-01-30
Khairagarh APMC,khairagarh,25,2021-01-01,2021-01-31
Ballia APMC,ballia,24,2021-01-01,2021-01-28
Meerut APMC,meerut,24,2021-01-01,2021-01-30
Gurusarai APMC,gurusarai,24,2021-01-01,2021-01-31
Sikandraraau APMC,sikandraraau,24,2021-01-02,2021-01-30
Paliakala APMC,paliakala,24,2021-01-01,2021-01-30
Chorichora APMC,chorichora,24,2021-01-01,2021-01-30
Buland Shahr APMC,buland shahr,23,2021-01-01,2021-01-30
Achalda APMC,achalda,23,2021-01-01,2021-01-30
Raath APMC,raath,22,2021-01-01,2021-01-31
Rasda APMC,rasda,22,2021-01-01,2021-01-30
Chitwadagaon APMC,chitwadagaon,22,2021-01-01,2021-01-29
Bijnaur APMC,bijnaur,20,2021-01-02,2021-01-30
Salon APMC,salon,20,2021-01-02,2021-01-30
Kurara APMC,kurara,20,2021-01-02,2021-01-31
Tundla APMC,tundla,19,2021-01-04,2021-01-30
Mugrabaadshahpur APMC,mugrabaadshahpur,19,2021-01-01,2021-01-29
Kishunpur APMC,kishunpur,18,2021-01-02,2021-01-31
Orai APMC,orai,18,2021-01-01,2021-01-31
Baberu APMC,baberu,17,2021-01-01,2021-01-30
Kalpi APMC,kalpi,16,2021-01-02,2021-01-25
Mawana APMC,mawana,16,2021-01-01,2021-01-29
Gonda APMC,gonda,14,2021-01-01,2021-01-30
Chirgaon APMC,chirgaon,11,2021-01-12,2021-01-31
Mirzapur APMC,mirzapur,8,2021-01-01,2021-01-28
Jagnair APMC,jagnair,4,2021-01-02,2021-01-28
Hamirpur APMC,hamirpur,2,2021-01-15,2021-01-30
Fatehabad APMC,fatehabad,2,2021-01-16,2021-01-28
Tikonia APMC,tikonia,2,2021-01-21,2021-01-22
Bansi APMC,bansi,1,2021-01-29,2021-01-29
